year,month,area,uf,className,numPol
2015/2016,8,8.82,AC,CORTE_SELETIVO,3
2015/2016,8,9.71,AC,CS_DESORDENADO,1
2015/2016,8,4.1,AC,DEGRADACAO,18
2015/2016,8,25.12,AC,DESMATAMENTO_CR,261
2015/2016,8,1.82,AC,DESMATAMENTO_VEG,16
2015/2016,8,418.4,AM,CORTE_SELETIVO,51
2015/2016,8,24.9,AM,DEGRADACAO,67
2015/2016,8,73.58,AM,DESMATAMENTO_CR,488
2015/2016,8,3.28,AM,DESMATAMENTO_VEG,32
2015/2016,8,1.94,AM,MINERACAO,15
2015/2016,8,0.08,MA,CORTE_SELETIVO,1
2015/2016,8,7.55,MA,DEGRADACAO,12
2015/2016,8,5.35,MA,DESMATAMENTO_CR,29
2015/2016,8,0.6,MA,DESMATAMENTO_VEG,6
2015/2016,8,0.41,MT,CICATRIZ_DE_QUEIMADA,1
2015/2016,8,1555.67,MT,CORTE_SELETIVO,288
2015/2016,8,2765.22,MT,DEGRADACAO,964
2015/2016,8,133.42,MT,DESMATAMENTO_CR,574
2015/2016,8,7.74,MT,DESMATAMENTO_VEG,15
2015/2016,8,0.2,MT,MINERACAO,2
2015/2016,8,646.2,PA,CORTE_SELETIVO,142
2015/2016,8,300.09,PA,DEGRADACAO,412
2015/2016,8,206.52,PA,DESMATAMENTO_CR,1079
2015/2016,8,23.3,PA,DESMATAMENTO_VEG,127
2015/2016,8,11.88,PA,MINERACAO,101
2015/2016,8,220.82,RO,CORTE_SELETIVO,72
2015/2016,8,65.85,RO,DEGRADACAO,170
2015/2016,8,82.9,RO,DESMATAMENTO_CR,582
2015/2016,8,1.2,RO,DESMATAMENTO_VEG,10
2015/2016,8,0.11,RO,MINERACAO,1
2015/2016,8,20.67,RR,CORTE_SELETIVO,5
2015/2016,8,35.56,RR,DEGRADACAO,64
2015/2016,8,7.12,RR,DESMATAMENTO_CR,52
2015/2016,8,3.04,RR,DESMATAMENTO_VEG,20
2015/2016,8,5.15,TO,DEGRADACAO,3
2015/2016,8,2.62,TO,DESMATAMENTO_CR,12
2015/2016,8,0.41,TO,DESMATAMENTO_VEG,1
2015/2016,9,7.18,AC,CORTE_SELETIVO,4
2015/2016,9,13.24,AC,DEGRADACAO,45
2015/2016,9,22.25,AC,DESMATAMENTO_CR,227
2015/2016,9,0.07,AC,DESMATAMENTO_VEG,1
2015/2016,9,38.81,AM,CORTE_SELETIVO,35
2015/2016,9,31.3,AM,DEGRADACAO,109
2015/2016,9,64.9,AM,DESMATAMENTO_CR,441
2015/2016,9,0.81,AM,DESMATAMENTO_VEG,6
2015/2016,9,0.11,AM,MINERACAO,1
2015/2016,9,0.34,MA,CORTE_SELETIVO,2
2015/2016,9,39.85,MA,DEGRADACAO,34
2015/2016,9,3.83,MA,DESMATAMENTO_CR,22
2015/2016,9,888.12,MT,CORTE_SELETIVO,335
2015/2016,9,1813.76,MT,DEGRADACAO,1779
2015/2016,9,134.82,MT,DESMATAMENTO_CR,662
2015/2016,9,0.15,MT,DESMATAMENTO_VEG,1
2015/2016,9,0.26,MT,MINERACAO,3
2015/2016,9,0.11,PA,CICATRIZ_DE_QUEIMADA,1
2015/2016,9,90.95,PA,CORTE_SELETIVO,25
2015/2016,9,541.04,PA,DEGRADACAO,1227
2015/2016,9,167.66,PA,DESMATAMENTO_CR,970
2015/2016,9,1.68,PA,DESMATAMENTO_VEG,12
2015/2016,9,2.84,PA,MINERACAO,32
2015/2016,9,37.52,RO,CORTE_SELETIVO,37
2015/2016,9,87.75,RO,DEGRADACAO,181
2015/2016,9,77.46,RO,DESMATAMENTO_CR,499
2015/2016,9,2.03,RO,DESMATAMENTO_VEG,8
2015/2016,9,4.79,RR,CORTE_SELETIVO,2
2015/2016,9,159.82,RR,DEGRADACAO,186
2015/2016,9,12.04,RR,DESMATAMENTO_CR,99
2015/2016,9,2.45,RR,DESMATAMENTO_VEG,20
2015/2016,9,9.36,TO,CORTE_SELETIVO,1
2015/2016,9,141.3,TO,DEGRADACAO,7
2015/2016,9,3.97,TO,DESMATAMENTO_CR,10
2015/2016,10,4.38,AC,CORTE_SELETIVO,4
2015/2016,10,2.91,AC,DEGRADACAO,29
2015/2016,10,21.28,AC,DESMATAMENTO_CR,192
2015/2016,10,0.94,AC,DESMATAMENTO_VEG,9
2015/2016,10,154.28,AM,CORTE_SELETIVO,58
2015/2016,10,92.7,AM,DEGRADACAO,160
2015/2016,10,58.92,AM,DESMATAMENTO_CR,298
2015/2016,10,1.15,AM,DESMATAMENTO_VEG,6
2015/2016,10,47.34,MA,DEGRADACAO,72
2015/2016,10,1.74,MA,DESMATAMENTO_CR,8
2015/2016,10,429.52,MT,CORTE_SELETIVO,243
2015/2016,10,993.31,MT,DEGRADACAO,1265
2015/2016,10,141.7,MT,DESMATAMENTO_CR,641
2015/2016,10,0.43,MT,DESMATAMENTO_VEG,5
2015/2016,10,0.16,PA,CICATRIZ_DE_QUEIMADA,2
2015/2016,10,160.62,PA,CORTE_SELETIVO,76
2015/2016,10,426.03,PA,DEGRADACAO,920
2015/2016,10,144.43,PA,DESMATAMENTO_CR,833
2015/2016,10,0.55,PA,DESMATAMENTO_VEG,5
2015/2016,10,0.29,PA,MINERACAO,4
2015/2016,10,85.51,RO,CORTE_SELETIVO,74
2015/2016,10,221.67,RO,DEGRADACAO,353
2015/2016,10,155.7,RO,DESMATAMENTO_CR,820
2015/2016,10,1.1,RO,DESMATAMENTO_VEG,9
2015/2016,10,12.92,RR,CORTE_SELETIVO,22
2015/2016,10,27.27,RR,DEGRADACAO,53
2015/2016,10,7.86,RR,DESMATAMENTO_CR,54
2015/2016,10,0.31,RR,DESMATAMENTO_VEG,2
2015/2016,11,3.85,AC,CORTE_SELETIVO,2
2015/2016,11,1.97,AC,DEGRADACAO,11
2015/2016,11,11.52,AC,DESMATAMENTO_CR,108
2015/2016,11,1.97,AC,DESMATAMENTO_VEG,20
2015/2016,11,13.98,AM,CORTE_SELETIVO,5
2015/2016,11,21.65,AM,DEGRADACAO,63
2015/2016,11,40.64,AM,DESMATAMENTO_CR,185
2015/2016,11,0.46,AM,DESMATAMENTO_VEG,4
2015/2016,11,71.4,MA,DEGRADACAO,154
2015/2016,11,10.96,MA,DESMATAMENTO_CR,33
2015/2016,11,1.49,MA,DESMATAMENTO_VEG,5
2015/2016,11,0.07,MT,CICATRIZ_DE_QUEIMADA,1
2015/2016,11,37.57,MT,CORTE_SELETIVO,31
2015/2016,11,311.91,MT,DEGRADACAO,394
2015/2016,11,67.14,MT,DESMATAMENTO_CR,233
2015/2016,11,3.4,MT,DESMATAMENTO_VEG,13
2015/2016,11,72.75,PA,CORTE_SELETIVO,21
2015/2016,11,314.22,PA,DEGRADACAO,451
2015/2016,11,75.65,PA,DESMATAMENTO_CR,433
2015/2016,11,1.09,PA,DESMATAMENTO_VEG,5
2015/2016,11,0.36,PA,MINERACAO,5
2015/2016,11,52.14,RO,CORTE_SELETIVO,25
2015/2016,11,102.49,RO,DEGRADACAO,182
2015/2016,11,77.69,RO,DESMATAMENTO_CR,484
2015/2016,11,1.63,RO,DESMATAMENTO_VEG,13
2015/2016,11,5.46,RR,CORTE_SELETIVO,8
2015/2016,11,8.89,RR,DEGRADACAO,25
2015/2016,11,8.65,RR,DESMATAMENTO_CR,66
2015/2016,11,0.08,RR,DESMATAMENTO_VEG,1
2015/2016,12,0.91,AC,DEGRADACAO,7
2015/2016,12,6.12,AC,DESMATAMENTO_CR,59
2015/2016,12,2.02,AC,DESMATAMENTO_VEG,21
2015/2016,12,13.26,AM,DEGRADACAO,44
2015/2016,12,18.79,AM,DESMATAMENTO_CR,83
2015/2016,12,24.13,MA,DEGRADACAO,70
2015/2016,12,1.34,MA,DESMATAMENTO_CR,4
2015/2016,12,12.49,MT,CORTE_SELETIVO,24
2015/2016,12,240.77,MT,DEGRADACAO,409
2015/2016,12,72.97,MT,DESMATAMENTO_CR,219
2015/2016,12,14.68,MT,DESMATAMENTO_VEG,9
2015/2016,12,10.65,PA,CORTE_SELETIVO,11
2015/2016,12,599.86,PA,DEGRADACAO,543
2015/2016,12,133.31,PA,DESMATAMENTO_CR,647
2015/2016,12,2.67,PA,DESMATAMENTO_VEG,9
2015/2016,12,1.97,RO,DEGRADACAO,10
2015/2016,12,13.1,RO,DESMATAMENTO_CR,80
2015/2016,12,0.15,RO,DESMATAMENTO_VEG,1
2015/2016,12,0.39,RR,CORTE_SELETIVO,3
2015/2016,12,0.5,RR,DEGRADACAO,3
2015/2016,12,1.15,RR,DESMATAMENTO_CR,5
2015/2016,1,12.76,AC,DEGRADACAO,17
2015/2016,1,6.77,AC,DESMATAMENTO_CR,53
2015/2016,1,5.02,AC,DESMATAMENTO_VEG,51
2015/2016,1,0.11,AM,CICATRIZ_DE_QUEIMADA,1
2015/2016,1,0.67,AM,CS_GEOMETRICO,1
2015/2016,1,38.41,AM,DEGRADACAO,66
2015/2016,1,22.07,AM,DESMATAMENTO_CR,136
2015/2016,1,1.76,AM,DESMATAMENTO_VEG,18
2015/2016,1,0.22,AP,DEGRADACAO,2
2015/2016,1,14.39,MA,CICATRIZ_DE_QUEIMADA,21
2015/2016,1,38.1,MA,DEGRADACAO,26
2015/2016,1,1.32,MA,DESMATAMENTO_CR,6
2015/2016,1,3.08,MT,DEGRADACAO,14
2015/2016,1,9.56,MT,DESMATAMENTO_CR,40
2015/2016,1,0.18,MT,DESMATAMENTO_VEG,2
2015/2016,1,1527.44,PA,CICATRIZ_DE_QUEIMADA,155
2015/2016,1,352.13,PA,DEGRADACAO,514
2015/2016,1,95.36,PA,DESMATAMENTO_CR,644
2015/2016,1,1.01,RO,CICATRIZ_DE_QUEIMADA,1
2015/2016,1,0.16,RO,CS_GEOMETRICO,2
2015/2016,1,15.12,RO,DEGRADACAO,88
2015/2016,1,71.56,RO,DESMATAMENTO_CR,516
2015/2016,1,3.05,RO,DESMATAMENTO_VEG,22
2015/2016,1,9.14,RR,DEGRADACAO,28
2015/2016,1,10.9,RR,DESMATAMENTO_CR,77
2015/2016,1,0.12,RR,DESMATAMENTO_VEG,1
2015/2016,1,0.27,TO,DEGRADACAO,3
2015/2016,1,1.39,TO,DESMATAMENTO_CR,7
2015/2016,2,0.2,AC,DESMATAMENTO_CR,2
2015/2016,2,0.48,AC,DESMATAMENTO_VEG,5
2015/2016,2,0.08,AM,CS_GEOMETRICO,1
2015/2016,2,4.37,AM,DEGRADACAO,11
2015/2016,2,14.84,AM,DESMATAMENTO_CR,62
2015/2016,2,0.83,AM,DESMATAMENTO_VEG,5
2015/2016,2,18.53,MA,CICATRIZ_DE_QUEIMADA,34
2015/2016,2,4.76,MA,DEGRADACAO,8
2015/2016,2,4.21,MA,DESMATAMENTO_CR,12
2015/2016,2,94.05,MT,CICATRIZ_DE_QUEIMADA,86
2015/2016,2,5.25,MT,CS_GEOMETRICO,7
2015/2016,2,111.54,MT,DEGRADACAO,183
2015/2016,2,46.59,MT,DESMATAMENTO_CR,208
2015/2016,2,18.74,MT,DESMATAMENTO_VEG,16
2015/2016,2,3.27,PA,CICATRIZ_DE_QUEIMADA,2
2015/2016,2,47.11,PA,DEGRADACAO,57
2015/2016,2,7.65,PA,DESMATAMENTO_CR,41
2015/2016,2,5.48,PA,DESMATAMENTO_VEG,7
2015/2016,2,7.22,RO,DEGRADACAO,39
2015/2016,2,10.99,RO,DESMATAMENTO_CR,68
2015/2016,2,1.63,RO,DESMATAMENTO_VEG,7
2015/2016,2,9.17,TO,CICATRIZ_DE_QUEIMADA,3
2015/2016,2,107.57,TO,DEGRADACAO,33
2015/2016,2,3.36,TO,DESMATAMENTO_CR,16
2015/2016,3,0.12,AC,DEGRADACAO,1
2015/2016,3,0.12,AC,DESMATAMENTO_CR,1
2015/2016,3,31.28,AM,CICATRIZ_DE_QUEIMADA,24
2015/2016,3,2.01,AM,CS_DESORDENADO,1
2015/2016,3,91.07,AM,DEGRADACAO,125
2015/2016,3,26.72,AM,DESMATAMENTO_CR,147
2015/2016,3,0.46,AM,DESMATAMENTO_VEG,5
2015/2016,3,0.38,MA,DESMATAMENTO_CR,1
2015/2016,3,15.45,MT,CICATRIZ_DE_QUEIMADA,14
2015/2016,3,4.99,MT,CS_GEOMETRICO,3
2015/2016,3,119.43,MT,DEGRADACAO,182
2015/2016,3,114.52,MT,DESMATAMENTO_CR,422
2015/2016,3,13.26,MT,DESMATAMENTO_VEG,23
2015/2016,3,0.07,MT,MINERACAO,1
2015/2016,3,18.45,PA,DEGRADACAO,39
2015/2016,3,10.33,PA,DESMATAMENTO_CR,43
2015/2016,3,4.13,PA,DESMATAMENTO_VEG,8
2015/2016,3,1.83,PA,MINERACAO,16
2015/2016,3,0.07,RO,CICATRIZ_DE_QUEIMADA,1
2015/2016,3,60.49,RO,DEGRADACAO,111
2015/2016,3,43.88,RO,DESMATAMENTO_CR,239
2015/2016,3,1.96,RO,DESMATAMENTO_VEG,14
2015/2016,3,226.96,RR,CICATRIZ_DE_QUEIMADA,140
2015/2016,3,899.79,RR,DEGRADACAO,426
2015/2016,3,80.84,RR,DESMATAMENTO_CR,353
2015/2016,3,2.6,TO,DEGRADACAO,7
2015/2016,3,1.62,TO,DESMATAMENTO_CR,9
2015/2016,4,1.22,AC,DESMATAMENTO_CR,6
2015/2016,4,0.26,AC,DESMATAMENTO_VEG,3
2015/2016,4,0.94,AM,DEGRADACAO,6
2015/2016,4,59.53,AM,DESMATAMENTO_CR,131
2015/2016,4,1.56,AM,DESMATAMENTO_VEG,6
2015/2016,4,3.09,MA,CICATRIZ_DE_QUEIMADA,7
2015/2016,4,20.06,MA,DEGRADACAO,26
2015/2016,4,14.48,MA,DESMATAMENTO_CR,35
2015/2016,4,1.12,MT,CICATRIZ_DE_QUEIMADA,3
2015/2016,4,5.12,MT,CS_DESORDENADO,2
2015/2016,4,13.32,MT,CS_GEOMETRICO,6
2015/2016,4,52.19,MT,DEGRADACAO,79
2015/2016,4,116.07,MT,DESMATAMENTO_CR,344
2015/2016,4,13.66,MT,DESMATAMENTO_VEG,19
2015/2016,4,10.65,PA,CS_GEOMETRICO,1
2015/2016,4,58.21,PA,DEGRADACAO,61
2015/2016,4,90.44,PA,DESMATAMENTO_CR,154
2015/2016,4,35.36,PA,DESMATAMENTO_VEG,28
2015/2016,4,7.38,PA,MINERACAO,60
2015/2016,4,3.27,RO,CS_DESORDENADO,2
2015/2016,4,2.2,RO,CS_GEOMETRICO,1
2015/2016,4,11.02,RO,DEGRADACAO,30
2015/2016,4,66.95,RO,DESMATAMENTO_CR,279
2015/2016,4,5.73,RO,DESMATAMENTO_VEG,27
2015/2016,4,75.93,RR,DEGRADACAO,111
2015/2016,4,20.05,RR,DESMATAMENTO_CR,49
2015/2016,4,0.97,TO,DEGRADACAO,1
2015/2016,4,7.02,TO,DESMATAMENTO_CR,23
2015/2016,4,0.23,TO,DESMATAMENTO_VEG,2
2015/2016,5,0.35,AC,DEGRADACAO,4
2015/2016,5,0.34,AC,DESMATAMENTO_CR,3
2015/2016,5,0.58,AC,DESMATAMENTO_VEG,7
2015/2016,5,3.89,AM,CICATRIZ_DE_QUEIMADA,3
2015/2016,5,1.18,AM,CS_DESORDENADO,1
2015/2016,5,13.39,AM,DEGRADACAO,39
2015/2016,5,82.54,AM,DESMATAMENTO_CR,241
2015/2016,5,1.93,AM,DESMATAMENTO_VEG,15
2015/2016,5,0.57,MA,DEGRADACAO,1
2015/2016,5,6.75,MA,DESMATAMENTO_CR,17
2015/2016,5,0.87,MT,CICATRIZ_DE_QUEIMADA,1
2015/2016,5,2.65,MT,CS_DESORDENADO,1
2015/2016,5,11.78,MT,CS_GEOMETRICO,4
2015/2016,5,52.77,MT,DEGRADACAO,63
2015/2016,5,83.95,MT,DESMATAMENTO_CR,246
2015/2016,5,11.45,MT,DESMATAMENTO_VEG,20
2015/2016,5,0.4,MT,MINERACAO,2
2015/2016,5,50.17,PA,CICATRIZ_DE_QUEIMADA,32
2015/2016,5,1.23,PA,CS_DESORDENADO,1
2015/2016,5,1435.2,PA,DEGRADACAO,676
2015/2016,5,98.39,PA,DESMATAMENTO_CR,339
2015/2016,5,28.01,PA,DESMATAMENTO_VEG,83
2015/2016,5,3.59,PA,MINERACAO,31
2015/2016,5,0.24,RO,CS_GEOMETRICO,1
2015/2016,5,14.22,RO,DEGRADACAO,42
2015/2016,5,82.02,RO,DESMATAMENTO_CR,405
2015/2016,5,3.95,RO,DESMATAMENTO_VEG,23
2015/2016,5,0.1,RO,MINERACAO,1
2015/2016,5,0.62,RR,DEGRADACAO,1
2015/2016,5,0.95,RR,DESMATAMENTO_CR,1
2015/2016,5,0.24,TO,CICATRIZ_DE_QUEIMADA,1
2015/2016,5,0.74,TO,DEGRADACAO,3
2015/2016,5,3.25,TO,DESMATAMENTO_CR,8
2015/2016,6,2.12,AC,DEGRADACAO,11
2015/2016,6,8.27,AC,DESMATAMENTO_CR,52
2015/2016,6,0.33,AC,DESMATAMENTO_VEG,3
2015/2016,6,9.86,AM,CICATRIZ_DE_QUEIMADA,9
2015/2016,6,6.23,AM,CS_DESORDENADO,2
2015/2016,6,185.25,AM,DEGRADACAO,198
2015/2016,6,228.62,AM,DESMATAMENTO_CR,667
2015/2016,6,4.85,AM,DESMATAMENTO_VEG,34
2015/2016,6,0.16,AM,MINERACAO,2
2015/2016,6,0.23,MA,DEGRADACAO,2
2015/2016,6,1.04,MA,DESMATAMENTO_CR,3
2015/2016,6,5.58,MT,CICATRIZ_DE_QUEIMADA,3
2015/2016,6,30.01,MT,CS_DESORDENADO,9
2015/2016,6,63.64,MT,CS_GEOMETRICO,26
2015/2016,6,89.78,MT,DEGRADACAO,134
2015/2016,6,167,MT,DESMATAMENTO_CR,502
2015/2016,6,5.39,MT,DESMATAMENTO_VEG,28
2015/2016,6,0.96,MT,MINERACAO,8
2015/2016,6,133.87,PA,CICATRIZ_DE_QUEIMADA,87
2015/2016,6,1.82,PA,CS_DESORDENADO,1
2015/2016,6,39.77,PA,CS_GEOMETRICO,7
2015/2016,6,5103.69,PA,DEGRADACAO,1102
2015/2016,6,240.05,PA,DESMATAMENTO_CR,750
2015/2016,6,132.55,PA,DESMATAMENTO_VEG,356
2015/2016,6,10.86,PA,MINERACAO,92
2015/2016,6,0.4,RO,CICATRIZ_DE_QUEIMADA,1
2015/2016,6,1.7,RO,CS_GEOMETRICO,1
2015/2016,6,19.54,RO,DEGRADACAO,91
2015/2016,6,126.13,RO,DESMATAMENTO_CR,587
2015/2016,6,4.8,RO,DESMATAMENTO_VEG,27
2015/2016,6,0.16,RO,MINERACAO,2
2015/2016,6,27.96,RR,CICATRIZ_DE_QUEIMADA,28
2015/2016,6,2.71,RR,CS_DESORDENADO,1
2015/2016,6,117.18,RR,DEGRADACAO,72
2015/2016,6,4.21,RR,DESMATAMENTO_CR,29
2015/2016,6,0.12,RR,DESMATAMENTO_VEG,1
2015/2016,6,0.15,TO,CICATRIZ_DE_QUEIMADA,1
2015/2016,6,10.52,TO,DEGRADACAO,9
2015/2016,6,5.72,TO,DESMATAMENTO_CR,21
2015/2016,6,10.07,TO,DESMATAMENTO_VEG,1
2015/2016,7,20.66,AC,CS_DESORDENADO,5
2015/2016,7,2.02,AC,DEGRADACAO,13
2015/2016,7,27.07,AC,DESMATAMENTO_CR,223
2015/2016,7,3.13,AM,CICATRIZ_DE_QUEIMADA,4
2015/2016,7,39.67,AM,CS_DESORDENADO,9
2015/2016,7,12.04,AM,CS_GEOMETRICO,3
2015/2016,7,39.24,AM,DEGRADACAO,95
2015/2016,7,216.17,AM,DESMATAMENTO_CR,748
2015/2016,7,1.22,AM,DESMATAMENTO_VEG,8
2015/2016,7,273.7,MA,CICATRIZ_DE_QUEIMADA,85
2015/2016,7,643.79,MA,DEGRADACAO,75
2015/2016,7,26.82,MA,DESMATAMENTO_CR,101
2015/2016,7,2.83,MA,DESMATAMENTO_VEG,10
2015/2016,7,9.12,MT,CICATRIZ_DE_QUEIMADA,9
2015/2016,7,16.44,MT,CS_DESORDENADO,7
2015/2016,7,15.85,MT,CS_GEOMETRICO,7
2015/2016,7,73.22,MT,DEGRADACAO,87
2015/2016,7,105.94,MT,DESMATAMENTO_CR,380
2015/2016,7,0.59,MT,DESMATAMENTO_VEG,5
2015/2016,7,37.62,PA,CICATRIZ_DE_QUEIMADA,7
2015/2016,7,7.73,PA,CS_DESORDENADO,3
2015/2016,7,4.83,PA,CS_GEOMETRICO,1
2015/2016,7,1258.27,PA,DEGRADACAO,744
2015/2016,7,142.44,PA,DESMATAMENTO_CR,555
2015/2016,7,9.88,PA,DESMATAMENTO_VEG,59
2015/2016,7,5.27,PA,MINERACAO,41
2015/2016,7,0.2,RO,CICATRIZ_DE_QUEIMADA,1
2015/2016,7,34.8,RO,CS_DESORDENADO,10
2015/2016,7,10.1,RO,CS_GEOMETRICO,2
2015/2016,7,25.41,RO,DEGRADACAO,67
2015/2016,7,190.69,RO,DESMATAMENTO_CR,791
2015/2016,7,1.07,RO,DESMATAMENTO_VEG,5
2015/2016,7,0.08,RO,MINERACAO,1
2015/2016,7,62.57,RR,DEGRADACAO,23
2015/2016,7,3.9,RR,DESMATAMENTO_CR,12
2015/2016,7,23.13,TO,CICATRIZ_DE_QUEIMADA,6
2015/2016,7,7.68,TO,CS_DESORDENADO,1
2015/2016,7,2.08,TO,DEGRADACAO,3
2015/2016,7,5.17,TO,DESMATAMENTO_CR,20
2016/2017,8,1.69,AC,CICATRIZ_DE_QUEIMADA,3
2016/2017,8,23.84,AC,CS_DESORDENADO,9
2016/2017,8,20.6,AC,DEGRADACAO,33
2016/2017,8,28.42,AC,DESMATAMENTO_CR,227
2016/2017,8,0.09,AC,DESMATAMENTO_VEG,1
2016/2017,8,586.55,AM,CICATRIZ_DE_QUEIMADA,164
2016/2017,8,49.31,AM,CS_DESORDENADO,16
2016/2017,8,2.8,AM,CS_GEOMETRICO,3
2016/2017,8,74.48,AM,DEGRADACAO,117
2016/2017,8,155.23,AM,DESMATAMENTO_CR,713
2016/2017,8,0.72,AM,DESMATAMENTO_VEG,5
2016/2017,8,0.11,AM,MINERACAO,1
2016/2017,8,38.86,AP,CICATRIZ_DE_QUEIMADA,12
2016/2017,8,20.98,AP,DEGRADACAO,31
2016/2017,8,2.52,AP,DESMATAMENTO_CR,7
2016/2017,8,0.1,AP,DESMATAMENTO_VEG,1
2016/2017,8,1094.43,MA,CICATRIZ_DE_QUEIMADA,84
2016/2017,8,9.32,MA,DEGRADACAO,7
2016/2017,8,8.89,MA,DESMATAMENTO_CR,12
2016/2017,8,1515.96,MT,CICATRIZ_DE_QUEIMADA,278
2016/2017,8,82.68,MT,CS_DESORDENADO,28
2016/2017,8,53.68,MT,CS_GEOMETRICO,17
2016/2017,8,199.84,MT,DEGRADACAO,181
2016/2017,8,164.43,MT,DESMATAMENTO_CR,619
2016/2017,8,0.14,MT,DESMATAMENTO_VEG,1
2016/2017,8,0.66,MT,MINERACAO,3
2016/2017,8,3282.33,PA,CICATRIZ_DE_QUEIMADA,940
2016/2017,8,114.8,PA,CS_DESORDENADO,24
2016/2017,8,126.81,PA,CS_GEOMETRICO,19
2016/2017,8,1184.53,PA,DEGRADACAO,881
2016/2017,8,449.51,PA,DESMATAMENTO_CR,1984
2016/2017,8,11.16,PA,DESMATAMENTO_VEG,56
2016/2017,8,1.5,PA,MINERACAO,12
2016/2017,8,28.08,RO,CICATRIZ_DE_QUEIMADA,43
2016/2017,8,50.36,RO,CS_DESORDENADO,19
2016/2017,8,35.21,RO,CS_GEOMETRICO,10
2016/2017,8,27.33,RO,DEGRADACAO,99
2016/2017,8,181.26,RO,DESMATAMENTO_CR,923
2016/2017,8,0.13,RO,DESMATAMENTO_VEG,1
2016/2017,8,2522.99,RR,CICATRIZ_DE_QUEIMADA,549
2016/2017,8,133.95,RR,DEGRADACAO,41
2016/2017,8,12.54,RR,DESMATAMENTO_CR,41
2016/2017,8,0.78,RR,DESMATAMENTO_VEG,3
2016/2017,8,214.85,TO,CICATRIZ_DE_QUEIMADA,63
2016/2017,8,2.72,TO,DEGRADACAO,9
2016/2017,8,6.91,TO,DESMATAMENTO_CR,10
2016/2017,9,83.77,AC,CICATRIZ_DE_QUEIMADA,122
2016/2017,9,15.61,AC,CS_DESORDENADO,7
2016/2017,9,24.66,AC,DEGRADACAO,39
2016/2017,9,47.43,AC,DESMATAMENTO_CR,376
2016/2017,9,132.02,AM,CICATRIZ_DE_QUEIMADA,130
2016/2017,9,29.41,AM,CS_DESORDENADO,8
2016/2017,9,33.29,AM,DEGRADACAO,54
2016/2017,9,114.84,AM,DESMATAMENTO_CR,477
2016/2017,9,0.35,AM,DESMATAMENTO_VEG,4
2016/2017,9,0.17,AM,MINERACAO,2
2016/2017,9,21.03,AP,CICATRIZ_DE_QUEIMADA,12
2016/2017,9,9.01,AP,DEGRADACAO,24
2016/2017,9,2.52,AP,DESMATAMENTO_CR,10
2016/2017,9,0.14,AP,DESMATAMENTO_VEG,2
2016/2017,9,405.13,MA,CICATRIZ_DE_QUEIMADA,151
2016/2017,9,0.17,MA,DEGRADACAO,1
2016/2017,9,3.28,MA,DESMATAMENTO_CR,8
2016/2017,9,2596.23,MT,CICATRIZ_DE_QUEIMADA,932
2016/2017,9,90.24,MT,CS_DESORDENADO,26
2016/2017,9,109.91,MT,CS_GEOMETRICO,33
2016/2017,9,269.87,MT,DEGRADACAO,260
2016/2017,9,178.24,MT,DESMATAMENTO_CR,677
2016/2017,9,0.68,MT,MINERACAO,2
2016/2017,9,618.52,PA,CICATRIZ_DE_QUEIMADA,336
2016/2017,9,2.67,PA,CS_DESORDENADO,2
2016/2017,9,19.04,PA,CS_GEOMETRICO,4
2016/2017,9,94.75,PA,DEGRADACAO,227
2016/2017,9,202.76,PA,DESMATAMENTO_CR,1062
2016/2017,9,0.88,PA,DESMATAMENTO_VEG,7
2016/2017,9,2.14,PA,MINERACAO,23
2016/2017,9,82.75,RO,CICATRIZ_DE_QUEIMADA,103
2016/2017,9,6.39,RO,CS_DESORDENADO,3
2016/2017,9,2.63,RO,CS_GEOMETRICO,2
2016/2017,9,31.6,RO,DEGRADACAO,74
2016/2017,9,131.73,RO,DESMATAMENTO_CR,626
2016/2017,9,27.2,RR,CICATRIZ_DE_QUEIMADA,27
2016/2017,9,8.31,RR,DEGRADACAO,17
2016/2017,9,5.54,RR,DESMATAMENTO_CR,21
2016/2017,9,277.68,TO,CICATRIZ_DE_QUEIMADA,113
2016/2017,9,0.57,TO,DEGRADACAO,1
2016/2017,9,0.73,TO,DESMATAMENTO_CR,2
2016/2017,10,65.08,AC,CICATRIZ_DE_QUEIMADA,156
2016/2017,10,5.75,AC,CS_DESORDENADO,1
2016/2017,10,22.96,AC,DEGRADACAO,57
2016/2017,10,66.54,AC,DESMATAMENTO_CR,569
2016/2017,10,0.07,AC,DESMATAMENTO_VEG,1
2016/2017,10,293.41,AM,CICATRIZ_DE_QUEIMADA,190
2016/2017,10,64.91,AM,CS_DESORDENADO,22
2016/2017,10,7.99,AM,CS_GEOMETRICO,3
2016/2017,10,86.5,AM,DEGRADACAO,131
2016/2017,10,107.59,AM,DESMATAMENTO_CR,508
2016/2017,10,0.18,AM,DESMATAMENTO_VEG,1
2016/2017,10,0.1,AM,MINERACAO,1
2016/2017,10,10.07,AP,CICATRIZ_DE_QUEIMADA,7
2016/2017,10,0.96,AP,DESMATAMENTO_CR,5
2016/2017,10,1589.27,MA,CICATRIZ_DE_QUEIMADA,524
2016/2017,10,28.88,MA,DEGRADACAO,51
2016/2017,10,34.73,MA,DESMATAMENTO_CR,95
2016/2017,10,0.83,MA,DESMATAMENTO_VEG,1
2016/2017,10,785.61,MT,CICATRIZ_DE_QUEIMADA,693
2016/2017,10,71.74,MT,CS_DESORDENADO,29
2016/2017,10,66.54,MT,CS_GEOMETRICO,24
2016/2017,10,361.37,MT,DEGRADACAO,273
2016/2017,10,160.35,MT,DESMATAMENTO_CR,714
2016/2017,10,0.95,MT,MINERACAO,9
2016/2017,10,476.1,PA,CICATRIZ_DE_QUEIMADA,514
2016/2017,10,39.13,PA,CS_DESORDENADO,11
2016/2017,10,10.87,PA,CS_GEOMETRICO,5
2016/2017,10,240.09,PA,DEGRADACAO,306
2016/2017,10,180.58,PA,DESMATAMENTO_CR,1019
2016/2017,10,0.63,PA,DESMATAMENTO_VEG,5
2016/2017,10,7.82,PA,MINERACAO,64
2016/2017,10,80.16,RO,CICATRIZ_DE_QUEIMADA,122
2016/2017,10,23.92,RO,CS_DESORDENADO,5
2016/2017,10,1.21,RO,CS_GEOMETRICO,1
2016/2017,10,70.02,RO,DEGRADACAO,116
2016/2017,10,168.6,RO,DESMATAMENTO_CR,889
2016/2017,10,527.7,RR,CICATRIZ_DE_QUEIMADA,135
2016/2017,10,83.49,RR,DEGRADACAO,76
2016/2017,10,15.73,RR,DESMATAMENTO_CR,81
2016/2017,10,0.24,RR,DESMATAMENTO_VEG,2
2016/2017,10,254.46,TO,CICATRIZ_DE_QUEIMADA,88
2016/2017,10,6.43,TO,DEGRADACAO,10
2016/2017,10,3.97,TO,DESMATAMENTO_CR,23
2016/2017,11,3.74,AC,DEGRADACAO,12
2016/2017,11,4.64,AC,DESMATAMENTO_CR,42
2016/2017,11,32.2,AM,CICATRIZ_DE_QUEIMADA,42
2016/2017,11,5.5,AM,CS_DESORDENADO,3
2016/2017,11,11,AM,DEGRADACAO,16
2016/2017,11,13.42,AM,DESMATAMENTO_CR,75
2016/2017,11,3.61,AP,CICATRIZ_DE_QUEIMADA,1
2016/2017,11,3.18,AP,DEGRADACAO,2
2016/2017,11,0.51,AP,DESMATAMENTO_CR,6
2016/2017,11,230.72,MA,CICATRIZ_DE_QUEIMADA,130
2016/2017,11,7.92,MA,DEGRADACAO,16
2016/2017,11,42.7,MA,DESMATAMENTO_CR,201
2016/2017,11,190.13,MT,CICATRIZ_DE_QUEIMADA,246
2016/2017,11,41.65,MT,CS_DESORDENADO,23
2016/2017,11,26.46,MT,CS_GEOMETRICO,10
2016/2017,11,148.57,MT,DEGRADACAO,194
2016/2017,11,111.72,MT,DESMATAMENTO_CR,515
2016/2017,11,0.33,MT,DESMATAMENTO_VEG,2
2016/2017,11,0.5,MT,MINERACAO,4
2016/2017,11,43.71,PA,CICATRIZ_DE_QUEIMADA,68
2016/2017,11,43.86,PA,CS_DESORDENADO,7
2016/2017,11,3.99,PA,CS_GEOMETRICO,2
2016/2017,11,135.97,PA,DEGRADACAO,116
2016/2017,11,138.49,PA,DESMATAMENTO_CR,768
2016/2017,11,1.1,PA,MINERACAO,12
2016/2017,11,7.93,RO,CICATRIZ_DE_QUEIMADA,12
2016/2017,11,26.08,RO,CS_DESORDENADO,8
2016/2017,11,14.38,RO,DEGRADACAO,27
2016/2017,11,36.63,RO,DESMATAMENTO_CR,228
2016/2017,11,0.82,RO,DESMATAMENTO_VEG,5
2016/2017,11,18.79,RR,CICATRIZ_DE_QUEIMADA,13
2016/2017,11,28.22,RR,DEGRADACAO,23
2016/2017,11,7.35,RR,DESMATAMENTO_CR,30
2016/2017,11,1.09,RR,DESMATAMENTO_VEG,4
2016/2017,11,41.99,TO,CICATRIZ_DE_QUEIMADA,37
2016/2017,11,1.13,TO,DEGRADACAO,2
2016/2017,11,7.77,TO,DESMATAMENTO_CR,18
2016/2017,12,0.18,AM,DESMATAMENTO_CR,1
2016/2017,12,4.95,MA,CICATRIZ_DE_QUEIMADA,8
2016/2017,12,3.67,MT,DEGRADACAO,3
2016/2017,12,11.76,MT,DESMATAMENTO_CR,12
2016/2017,12,3.75,PA,CICATRIZ_DE_QUEIMADA,5
2016/2017,12,1.19,PA,DEGRADACAO,3
2016/2017,12,1.68,PA,DESMATAMENTO_CR,13
2016/2017,12,0.66,RO,DESMATAMENTO_CR,3
2016/2017,12,0.41,RR,DESMATAMENTO_CR,2
2016/2017,12,4.78,TO,CICATRIZ_DE_QUEIMADA,8
2016/2017,12,3.63,TO,DEGRADACAO,4
2016/2017,12,1.85,TO,DESMATAMENTO_CR,5
2016/2017,1,5.61,AM,DEGRADACAO,5
2016/2017,1,8.54,AM,DESMATAMENTO_CR,30
2016/2017,1,0.4,MT,CICATRIZ_DE_QUEIMADA,2
2016/2017,1,1.73,MT,DEGRADACAO,5
2016/2017,1,15.31,MT,DESMATAMENTO_CR,33
2016/2017,1,3.91,PA,DEGRADACAO,7
2016/2017,1,8.23,PA,DESMATAMENTO_CR,49
2016/2017,1,1.24,RO,CICATRIZ_DE_QUEIMADA,1
2016/2017,1,1.45,RO,DEGRADACAO,4
2016/2017,1,16.65,RO,DESMATAMENTO_CR,79
2016/2017,1,1.64,RR,DEGRADACAO,3
2016/2017,1,9.44,RR,DESMATAMENTO_CR,27
2016/2017,1,8.55,TO,CICATRIZ_DE_QUEIMADA,1
2016/2017,2,0.52,AM,DEGRADACAO,3
2016/2017,2,3.9,AM,DESMATAMENTO_CR,24
2016/2017,2,1.32,MA,DESMATAMENTO_CR,10
2016/2017,2,1.2,MT,CS_GEOMETRICO,1
2016/2017,2,10.25,MT,DEGRADACAO,16
2016/2017,2,67.61,MT,DESMATAMENTO_CR,123
2016/2017,2,0.14,MT,MINERACAO,1
2016/2017,2,0.68,PA,DEGRADACAO,3
2016/2017,2,7.33,PA,DESMATAMENTO_CR,32
2016/2017,2,0.76,RO,DEGRADACAO,5
2016/2017,2,21.02,RO,DESMATAMENTO_CR,107
2016/2017,3,0.13,AM,DEGRADACAO,1
2016/2017,3,1.27,AM,DESMATAMENTO_CR,5
2016/2017,3,0.5,MT,CS_GEOMETRICO,1
2016/2017,3,17.2,MT,DEGRADACAO,22
2016/2017,3,57.47,MT,DESMATAMENTO_CR,136
2016/2017,3,0.21,MT,DESMATAMENTO_VEG,1
2016/2017,3,0.39,MT,MINERACAO,3
2016/2017,3,2.09,PA,DEGRADACAO,3
2016/2017,3,5.45,PA,DESMATAMENTO_CR,16
2016/2017,3,3.73,RO,DEGRADACAO,12
2016/2017,3,9.4,RO,DESMATAMENTO_CR,40
2016/2017,3,5.22,TO,CICATRIZ_DE_QUEIMADA,3
2016/2017,4,0.28,AC,DEGRADACAO,1
2016/2017,4,0.24,AC,DESMATAMENTO_CR,1
2016/2017,4,2.5,AM,DEGRADACAO,5
2016/2017,4,18.17,AM,DESMATAMENTO_CR,28
2016/2017,4,0.54,MA,DESMATAMENTO_CR,1
2016/2017,4,2.92,MT,CICATRIZ_DE_QUEIMADA,8
2016/2017,4,17.88,MT,DEGRADACAO,30
2016/2017,4,61.5,MT,DESMATAMENTO_CR,184
2016/2017,4,1.63,MT,DESMATAMENTO_VEG,7
2016/2017,4,0.39,MT,MINERACAO,2
2016/2017,4,0.68,PA,CS_DESORDENADO,2
2016/2017,4,10.92,PA,DEGRADACAO,18
2016/2017,4,22.33,PA,DESMATAMENTO_CR,45
2016/2017,4,1.75,PA,DESMATAMENTO_VEG,4
2016/2017,4,1.16,PA,MINERACAO,8
2016/2017,4,8.55,RO,DEGRADACAO,21
2016/2017,4,16.17,RO,DESMATAMENTO_CR,55
2016/2017,4,0.64,RO,DESMATAMENTO_VEG,3
2016/2017,4,2.39,TO,DESMATAMENTO_CR,4
2016/2017,5,0.69,AC,DEGRADACAO,2
2016/2017,5,0.44,AM,CICATRIZ_DE_QUEIMADA,1
2016/2017,5,2.73,AM,DEGRADACAO,7
2016/2017,5,71.88,AM,DESMATAMENTO_CR,170
2016/2017,5,2.18,AM,DESMATAMENTO_VEG,3
2016/2017,5,0.24,AM,MINERACAO,2
2016/2017,5,1.95,MA,CICATRIZ_DE_QUEIMADA,4
2016/2017,5,5.06,MA,DEGRADACAO,4
2016/2017,5,5.72,MA,DESMATAMENTO_CR,23
2016/2017,5,1.74,MT,CICATRIZ_DE_QUEIMADA,4
2016/2017,5,11.12,MT,CS_DESORDENADO,5
2016/2017,5,47.98,MT,CS_GEOMETRICO,17
2016/2017,5,89.67,MT,DEGRADACAO,76
2016/2017,5,163.43,MT,DESMATAMENTO_CR,376
2016/2017,5,2.65,MT,DESMATAMENTO_VEG,7
2016/2017,5,0.61,MT,MINERACAO,7
2016/2017,5,1.99,PA,CS_DESORDENADO,1
2016/2017,5,12.85,PA,DEGRADACAO,19
2016/2017,5,33.45,PA,DESMATAMENTO_CR,95
2016/2017,5,2.15,PA,DESMATAMENTO_VEG,9
2016/2017,5,14.53,PA,MINERACAO,113
2016/2017,5,16.44,RO,DEGRADACAO,43
2016/2017,5,64.61,RO,DESMATAMENTO_CR,236
2016/2017,5,0.83,RO,DESMATAMENTO_VEG,7
2016/2017,5,0.9,TO,DEGRADACAO,2
2016/2017,5,1.21,TO,DESMATAMENTO_CR,5
2016/2017,6,0.18,AC,DEGRADACAO,2
2016/2017,6,3.95,AC,DESMATAMENTO_CR,26
2016/2017,6,0.06,AC,DESMATAMENTO_VEG,1
2016/2017,6,2.02,AM,CICATRIZ_DE_QUEIMADA,2
2016/2017,6,2.31,AM,CORTE_SELETIVO,1
2016/2017,6,10.7,AM,DEGRADACAO,38
2016/2017,6,182.12,AM,DESMATAMENTO_CR,493
2016/2017,6,4.98,AM,DESMATAMENTO_VEG,21
2016/2017,6,0.12,AM,MINERACAO,1
2016/2017,6,0.92,MA,CICATRIZ_DE_QUEIMADA,2
2016/2017,6,3.68,MA,DEGRADACAO,5
2016/2017,6,10.91,MA,DESMATAMENTO_CR,49
2016/2017,6,5.88,MA,DESMATAMENTO_VEG,23
2016/2017,6,10.05,MT,CICATRIZ_DE_QUEIMADA,13
2016/2017,6,12.47,MT,CS_DESORDENADO,4
2016/2017,6,33.24,MT,CS_GEOMETRICO,11
2016/2017,6,44.84,MT,DEGRADACAO,48
2016/2017,6,109.9,MT,DESMATAMENTO_CR,350
2016/2017,6,2.14,MT,DESMATAMENTO_VEG,7
2016/2017,6,1.09,MT,MINERACAO,10
2016/2017,6,29.91,PA,CICATRIZ_DE_QUEIMADA,10
2016/2017,6,4.82,PA,CS_DESORDENADO,4
2016/2017,6,1.01,PA,CS_GEOMETRICO,1
2016/2017,6,49.11,PA,DEGRADACAO,89
2016/2017,6,82.87,PA,DESMATAMENTO_CR,303
2016/2017,6,62.66,PA,DESMATAMENTO_VEG,186
2016/2017,6,18.21,PA,MINERACAO,160
2016/2017,6,0.58,RO,CICATRIZ_DE_QUEIMADA,2
2016/2017,6,2.09,RO,CS_GEOMETRICO,1
2016/2017,6,19.72,RO,DEGRADACAO,53
2016/2017,6,110.74,RO,DESMATAMENTO_CR,441
2016/2017,6,8.92,RO,DESMATAMENTO_VEG,36
2016/2017,6,31.56,TO,CICATRIZ_DE_QUEIMADA,5
2016/2017,6,3.56,TO,DESMATAMENTO_CR,17
2016/2017,6,0.17,TO,DESMATAMENTO_VEG,2
2016/2017,7,2.68,AC,DEGRADACAO,8
2016/2017,7,7.51,AC,DESMATAMENTO_CR,53
2016/2017,7,7.83,AM,DEGRADACAO,30
2016/2017,7,78.82,AM,DESMATAMENTO_CR,261
2016/2017,7,1.41,AM,DESMATAMENTO_VEG,7
2016/2017,7,16.5,MA,CICATRIZ_DE_QUEIMADA,9
2016/2017,7,1.58,MA,DEGRADACAO,4
2016/2017,7,7.3,MA,DESMATAMENTO_CR,34
2016/2017,7,0.87,MA,DESMATAMENTO_VEG,5
2016/2017,7,13.72,MT,CICATRIZ_DE_QUEIMADA,9
2016/2017,7,34.43,MT,CS_DESORDENADO,9
2016/2017,7,54.47,MT,CS_GEOMETRICO,12
2016/2017,7,62.08,MT,DEGRADACAO,52
2016/2017,7,107.24,MT,DESMATAMENTO_CR,323
2016/2017,7,2.57,MT,DESMATAMENTO_VEG,13
2016/2017,7,0.16,MT,MINERACAO,2
2016/2017,7,9.78,PA,CICATRIZ_DE_QUEIMADA,6
2016/2017,7,37.14,PA,CS_DESORDENADO,11
2016/2017,7,57.32,PA,DEGRADACAO,112
2016/2017,7,128.46,PA,DESMATAMENTO_CR,459
2016/2017,7,36.6,PA,DESMATAMENTO_VEG,114
2016/2017,7,1.94,PA,MINERACAO,19
2016/2017,7,5.09,RO,CS_DESORDENADO,1
2016/2017,7,24.79,RO,DEGRADACAO,61
2016/2017,7,78.12,RO,DESMATAMENTO_CR,377
2016/2017,7,5.84,RO,DESMATAMENTO_VEG,19
2016/2017,7,0.18,RO,MINERACAO,2
2016/2017,7,0.31,TO,DEGRADACAO,1
2016/2017,7,0.46,TO,DESMATAMENTO_CR,4
2016/2017,7,0.21,TO,DESMATAMENTO_VEG,1
2017/2018,8,1.55,AM,CICATRIZ_DE_QUEIMADA,4
2017/2018,8,7.61,AM,DEGRADACAO,37
2017/2018,8,49.15,AM,DESMATAMENTO_CR,189
2017/2018,8,13.97,MA,CICATRIZ_DE_QUEIMADA,13
2017/2018,8,61.43,MA,DEGRADACAO,10
2017/2018,8,5.25,MA,DESMATAMENTO_CR,29
2017/2018,8,38.87,MT,CICATRIZ_DE_QUEIMADA,37
2017/2018,8,116.74,MT,CS_DESORDENADO,36
2017/2018,8,84.46,MT,CS_GEOMETRICO,28
2017/2018,8,139.09,MT,DEGRADACAO,143
2017/2018,8,90.23,MT,DESMATAMENTO_CR,364
2017/2018,8,0.07,MT,MINERACAO,1
2017/2018,8,41.06,PA,CICATRIZ_DE_QUEIMADA,109
2017/2018,8,17.49,PA,CS_DESORDENADO,7
2017/2018,8,35.76,PA,CS_GEOMETRICO,6
2017/2018,8,42.02,PA,DEGRADACAO,56
2017/2018,8,48.64,PA,DESMATAMENTO_CR,265
2017/2018,8,0.82,PA,DESMATAMENTO_VEG,3
2017/2018,8,1.25,PA,MINERACAO,14
2017/2018,8,0.47,RO,CICATRIZ_DE_QUEIMADA,3
2017/2018,8,1.15,RO,CS_DESORDENADO,1
2017/2018,8,0.66,RO,CS_GEOMETRICO,1
2017/2018,8,13.82,RO,DEGRADACAO,67
2017/2018,8,80.86,RO,DESMATAMENTO_CR,376
2017/2018,8,0.11,RO,MINERACAO,1
2017/2018,8,0.52,TO,CICATRIZ_DE_QUEIMADA,1
2017/2018,8,1.26,TO,DESMATAMENTO_CR,6
2017/2018,9,0.6,AC,CICATRIZ_DE_QUEIMADA,3
2017/2018,9,0.09,AC,DEGRADACAO,1
2017/2018,9,0.44,AC,DESMATAMENTO_CR,3
2017/2018,9,1.43,AM,CICATRIZ_DE_QUEIMADA,5
2017/2018,9,7.1,AM,DEGRADACAO,14
2017/2018,9,20.56,AM,DESMATAMENTO_CR,85
2017/2018,9,886.22,MA,CICATRIZ_DE_QUEIMADA,683
2017/2018,9,4.26,MA,DEGRADACAO,5
2017/2018,9,17.82,MA,DESMATAMENTO_CR,45
2017/2018,9,2829.52,MT,CICATRIZ_DE_QUEIMADA,1458
2017/2018,9,46.32,MT,CS_DESORDENADO,19
2017/2018,9,53.73,MT,CS_GEOMETRICO,18
2017/2018,9,225.52,MT,DEGRADACAO,208
2017/2018,9,109.84,MT,DESMATAMENTO_CR,314
2017/2018,9,0.12,MT,MINERACAO,1
2017/2018,9,2867.49,PA,CICATRIZ_DE_QUEIMADA,1681
2017/2018,9,11.23,PA,CS_DESORDENADO,5
2017/2018,9,21.15,PA,CS_GEOMETRICO,7
2017/2018,9,71.27,PA,DEGRADACAO,171
2017/2018,9,164.49,PA,DESMATAMENTO_CR,925
2017/2018,9,1.79,PA,MINERACAO,16
2017/2018,9,33.63,RO,CICATRIZ_DE_QUEIMADA,77
2017/2018,9,13.05,RO,CS_DESORDENADO,4
2017/2018,9,14.4,RO,CS_GEOMETRICO,3
2017/2018,9,23.42,RO,DEGRADACAO,83
2017/2018,9,82.75,RO,DESMATAMENTO_CR,452
2017/2018,9,357.05,TO,CICATRIZ_DE_QUEIMADA,273
2017/2018,9,2.12,TO,DEGRADACAO,2
2017/2018,9,4.84,TO,DESMATAMENTO_CR,20
2017/2018,10,0.66,AC,CICATRIZ_DE_QUEIMADA,1
2017/2018,10,7.75,AC,CS_DESORDENADO,3
2017/2018,10,3.51,AC,DEGRADACAO,12
2017/2018,10,36.26,AC,DESMATAMENTO_CR,283
2017/2018,10,20.71,AM,CICATRIZ_DE_QUEIMADA,26
2017/2018,10,15.65,AM,CS_DESORDENADO,2
2017/2018,10,7.1,AM,DEGRADACAO,27
2017/2018,10,69.21,AM,DESMATAMENTO_CR,276
2017/2018,10,0.49,AM,DESMATAMENTO_VEG,6
2017/2018,10,0.07,AM,MINERACAO,1
2017/2018,10,1.45,AP,DESMATAMENTO_CR,13
2017/2018,10,401.73,MA,CICATRIZ_DE_QUEIMADA,316
2017/2018,10,8.97,MA,DESMATAMENTO_CR,31
2017/2018,10,1343.99,MT,CICATRIZ_DE_QUEIMADA,749
2017/2018,10,35.89,MT,CS_DESORDENADO,9
2017/2018,10,18.2,MT,CS_GEOMETRICO,7
2017/2018,10,194.74,MT,DEGRADACAO,151
2017/2018,10,101.69,MT,DESMATAMENTO_CR,344
2017/2018,10,3689.19,PA,CICATRIZ_DE_QUEIMADA,1092
2017/2018,10,18.4,PA,CS_DESORDENADO,5
2017/2018,10,9.9,PA,CS_GEOMETRICO,4
2017/2018,10,128.77,PA,DEGRADACAO,152
2017/2018,10,103.16,PA,DESMATAMENTO_CR,553
2017/2018,10,2.56,PA,MINERACAO,24
2017/2018,10,21.74,RO,CICATRIZ_DE_QUEIMADA,20
2017/2018,10,35.07,RO,CS_DESORDENADO,10
2017/2018,10,47.75,RO,DEGRADACAO,47
2017/2018,10,112.52,RO,DESMATAMENTO_CR,579
2017/2018,10,4.5,RR,DEGRADACAO,6
2017/2018,10,3.06,RR,DESMATAMENTO_CR,24
2017/2018,10,0.11,RR,DESMATAMENTO_VEG,1
2017/2018,10,173.19,TO,CICATRIZ_DE_QUEIMADA,93
2017/2018,10,2.04,TO,DEGRADACAO,2
2017/2018,11,0.36,AC,CICATRIZ_DE_QUEIMADA,1
2017/2018,11,3.81,AC,DEGRADACAO,25
2017/2018,11,37.42,AC,DESMATAMENTO_CR,355
2017/2018,11,2.14,AC,DESMATAMENTO_VEG,22
2017/2018,11,0.21,AM,CICATRIZ_DE_QUEIMADA,1
2017/2018,11,9.19,AM,CS_DESORDENADO,2
2017/2018,11,2.67,AM,DEGRADACAO,13
2017/2018,11,22.61,AM,DESMATAMENTO_CR,133
2017/2018,11,0.44,AM,DESMATAMENTO_VEG,4
2017/2018,11,0.2,AM,MINERACAO,2
2017/2018,11,2.01,AP,DEGRADACAO,5
2017/2018,11,5.02,AP,DESMATAMENTO_CR,45
2017/2018,11,12.74,MA,CICATRIZ_DE_QUEIMADA,11
2017/2018,11,1.79,MA,DESMATAMENTO_CR,5
2017/2018,11,390.81,MT,CICATRIZ_DE_QUEIMADA,211
2017/2018,11,71.16,MT,CS_DESORDENADO,24
2017/2018,11,21.83,MT,CS_GEOMETRICO,9
2017/2018,11,79.61,MT,DEGRADACAO,92
2017/2018,11,60.68,MT,DESMATAMENTO_CR,223
2017/2018,11,985.15,PA,CICATRIZ_DE_QUEIMADA,400
2017/2018,11,10.05,PA,CS_DESORDENADO,2
2017/2018,11,58.98,PA,CS_GEOMETRICO,10
2017/2018,11,78.59,PA,DEGRADACAO,168
2017/2018,11,179.58,PA,DESMATAMENTO_CR,1015
2017/2018,11,0.17,PA,DESMATAMENTO_VEG,2
2017/2018,11,3.38,PA,MINERACAO,36
2017/2018,11,5.68,RO,CICATRIZ_DE_QUEIMADA,10
2017/2018,11,69.39,RO,CS_DESORDENADO,7
2017/2018,11,3.13,RO,CS_GEOMETRICO,1
2017/2018,11,12.85,RO,DEGRADACAO,21
2017/2018,11,31.35,RO,DESMATAMENTO_CR,166
2017/2018,11,0.62,RR,CICATRIZ_DE_QUEIMADA,1
2017/2018,11,2.83,RR,CS_DESORDENADO,1
2017/2018,11,2.21,RR,DEGRADACAO,4
2017/2018,11,7.35,RR,DESMATAMENTO_CR,35
2017/2018,11,0.28,RR,DESMATAMENTO_VEG,3
2017/2018,11,122.17,TO,CICATRIZ_DE_QUEIMADA,43
2017/2018,11,0.74,TO,DEGRADACAO,2
2017/2018,11,1.72,TO,DESMATAMENTO_CR,1
2017/2018,12,1.7,AC,DEGRADACAO,10
2017/2018,12,2.4,AC,DESMATAMENTO_CR,21
2017/2018,12,0.69,AC,DESMATAMENTO_VEG,3
2017/2018,12,0.91,AM,CICATRIZ_DE_QUEIMADA,1
2017/2018,12,28.34,AM,CS_DESORDENADO,3
2017/2018,12,5.47,AM,DEGRADACAO,20
2017/2018,12,11.76,AM,DESMATAMENTO_CR,97
2017/2018,12,1.08,AM,DESMATAMENTO_VEG,12
2017/2018,12,0.07,AM,MINERACAO,1
2017/2018,12,2.59,AP,CICATRIZ_DE_QUEIMADA,9
2017/2018,12,0.81,AP,DEGRADACAO,2
2017/2018,12,3.15,AP,DESMATAMENTO_CR,14
2017/2018,12,14.27,MA,CICATRIZ_DE_QUEIMADA,14
2017/2018,12,0.37,MA,DESMATAMENTO_CR,1
2017/2018,12,938.2,MT,CICATRIZ_DE_QUEIMADA,449
2017/2018,12,10.2,MT,CS_DESORDENADO,9
2017/2018,12,43.63,MT,CS_GEOMETRICO,19
2017/2018,12,107.97,MT,DEGRADACAO,92
2017/2018,12,85.62,MT,DESMATAMENTO_CR,185
2017/2018,12,0.13,MT,DESMATAMENTO_VEG,1
2017/2018,12,0.65,MT,MINERACAO,8
2017/2018,12,139.79,PA,CICATRIZ_DE_QUEIMADA,100
2017/2018,12,2.04,PA,CS_DESORDENADO,1
2017/2018,12,100.19,PA,DEGRADACAO,154
2017/2018,12,104.19,PA,DESMATAMENTO_CR,559
2017/2018,12,0.45,PA,DESMATAMENTO_VEG,4
2017/2018,12,2.87,PA,MINERACAO,28
2017/2018,12,19.32,RO,CICATRIZ_DE_QUEIMADA,19
2017/2018,12,6.82,RO,CS_DESORDENADO,6
2017/2018,12,5.46,RO,CS_GEOMETRICO,3
2017/2018,12,15.07,RO,DEGRADACAO,47
2017/2018,12,47.12,RO,DESMATAMENTO_CR,289
2017/2018,12,1.17,RO,DESMATAMENTO_VEG,6
2017/2018,12,0.08,RO,MINERACAO,2
2017/2018,12,1.49,RR,CICATRIZ_DE_QUEIMADA,7
2017/2018,12,18.3,RR,CS_DESORDENADO,10
2017/2018,12,2.89,RR,CS_GEOMETRICO,1
2017/2018,12,23.9,RR,DEGRADACAO,25
2017/2018,12,23.23,RR,DESMATAMENTO_CR,103
2017/2018,12,0.99,RR,DESMATAMENTO_VEG,2
2017/2018,12,4.62,TO,CICATRIZ_DE_QUEIMADA,2
2017/2018,12,1.48,TO,DESMATAMENTO_CR,2
2017/2018,1,0.26,AC,DESMATAMENTO_CR,2
2017/2018,1,0.33,AC,DESMATAMENTO_VEG,2
2017/2018,1,1.63,AM,CICATRIZ_DE_QUEIMADA,6
2017/2018,1,2.1,AM,CS_DESORDENADO,2
2017/2018,1,6.65,AM,DESMATAMENTO_CR,30
2017/2018,1,0.87,AM,DESMATAMENTO_VEG,6
2017/2018,1,0.17,AM,MINERACAO,1
2017/2018,1,1.66,MA,CICATRIZ_DE_QUEIMADA,3
2017/2018,1,1.21,MA,DEGRADACAO,6
2017/2018,1,6.34,MA,DESMATAMENTO_CR,32
2017/2018,1,1349.85,MT,CICATRIZ_DE_QUEIMADA,341
2017/2018,1,61.15,MT,CS_GEOMETRICO,12
2017/2018,1,34.22,MT,DEGRADACAO,38
2017/2018,1,50.21,MT,DESMATAMENTO_CR,109
2017/2018,1,21.04,MT,DESMATAMENTO_VEG,5
2017/2018,1,0.29,MT,MINERACAO,3
2017/2018,1,109.63,PA,CICATRIZ_DE_QUEIMADA,94
2017/2018,1,44.49,PA,DEGRADACAO,81
2017/2018,1,33.3,PA,DESMATAMENTO_CR,188
2017/2018,1,0.35,PA,DESMATAMENTO_VEG,3
2017/2018,1,5.2,PA,MINERACAO,50
2017/2018,1,3.45,RO,CS_DESORDENADO,1
2017/2018,1,3.21,RO,DEGRADACAO,10
2017/2018,1,16.81,RO,DESMATAMENTO_CR,104
2017/2018,1,2.13,RO,DESMATAMENTO_VEG,17
2017/2018,1,0.35,RR,CICATRIZ_DE_QUEIMADA,2
2017/2018,1,5.14,RR,CS_DESORDENADO,2
2017/2018,1,123.43,RR,DEGRADACAO,61
2017/2018,1,32.74,RR,DESMATAMENTO_CR,201
2017/2018,1,2.54,RR,DESMATAMENTO_VEG,16
2017/2018,1,126.55,TO,CICATRIZ_DE_QUEIMADA,40
2017/2018,1,3.4,TO,DESMATAMENTO_CR,12
2017/2018,2,0.9,AM,DEGRADACAO,4
2017/2018,2,0.19,AM,MINERACAO,2
2017/2018,2,37.49,MA,CICATRIZ_DE_QUEIMADA,83
2017/2018,2,1.92,MA,DEGRADACAO,3
2017/2018,2,7.38,MA,DESMATAMENTO_CR,48
2017/2018,2,0.19,MA,DESMATAMENTO_VEG,2
2017/2018,2,21.16,MT,CICATRIZ_DE_QUEIMADA,15
2017/2018,2,19.62,MT,DEGRADACAO,37
2017/2018,2,31.85,MT,DESMATAMENTO_CR,103
2017/2018,2,0.61,MT,DESMATAMENTO_VEG,3
2017/2018,2,328.95,PA,CICATRIZ_DE_QUEIMADA,342
2017/2018,2,72.39,PA,DEGRADACAO,119
2017/2018,2,95.73,PA,DESMATAMENTO_CR,472
2017/2018,2,6.08,PA,DESMATAMENTO_VEG,15
2017/2018,2,0.25,PA,MINERACAO,2
2017/2018,2,1.44,RO,DEGRADACAO,7
2017/2018,2,2.87,RO,DESMATAMENTO_CR,13
2017/2018,2,18.94,TO,CICATRIZ_DE_QUEIMADA,11
2017/2018,2,1.19,TO,DESMATAMENTO_CR,6
2017/2018,3,0.35,AC,CICATRIZ_DE_QUEIMADA,1
2017/2018,3,0.08,AC,DESMATAMENTO_CR,1
2017/2018,3,6.75,AC,DESMATAMENTO_VEG,39
2017/2018,3,7.53,AM,CICATRIZ_DE_QUEIMADA,8
2017/2018,3,0.91,AM,CS_DESORDENADO,1
2017/2018,3,1.61,AM,CS_GEOMETRICO,1
2017/2018,3,1.85,AM,DEGRADACAO,10
2017/2018,3,32.79,AM,DESMATAMENTO_CR,78
2017/2018,3,6.93,AM,DESMATAMENTO_VEG,20
2017/2018,3,9.36,MA,CICATRIZ_DE_QUEIMADA,15
2017/2018,3,8.91,MA,DEGRADACAO,30
2017/2018,3,18.46,MA,DESMATAMENTO_CR,64
2017/2018,3,0.31,MA,DESMATAMENTO_VEG,1
2017/2018,3,0.06,MA,MINERACAO,1
2017/2018,3,322.21,MT,CICATRIZ_DE_QUEIMADA,154
2017/2018,3,75.6,MT,CS_GEOMETRICO,19
2017/2018,3,94.39,MT,DEGRADACAO,90
2017/2018,3,107.51,MT,DESMATAMENTO_CR,250
2017/2018,3,9.95,MT,DESMATAMENTO_VEG,20
2017/2018,3,0.22,MT,MINERACAO,2
2017/2018,3,105.1,PA,CICATRIZ_DE_QUEIMADA,108
2017/2018,3,9.74,PA,CS_DESORDENADO,1
2017/2018,3,11.76,PA,CS_GEOMETRICO,5
2017/2018,3,118.06,PA,DEGRADACAO,235
2017/2018,3,55.99,PA,DESMATAMENTO_CR,327
2017/2018,3,8.19,PA,DESMATAMENTO_VEG,55
2017/2018,3,4.14,PA,MINERACAO,41
2017/2018,3,5.42,RO,CICATRIZ_DE_QUEIMADA,6
2017/2018,3,0.4,RO,CS_DESORDENADO,1
2017/2018,3,10.6,RO,CS_GEOMETRICO,3
2017/2018,3,8.5,RO,DEGRADACAO,32
2017/2018,3,32.27,RO,DESMATAMENTO_CR,146
2017/2018,3,1.5,RO,DESMATAMENTO_VEG,6
2017/2018,3,57.53,RR,CICATRIZ_DE_QUEIMADA,72
2017/2018,3,11.24,RR,DEGRADACAO,43
2017/2018,3,71.24,RR,DESMATAMENTO_CR,381
2017/2018,3,0.09,RR,DESMATAMENTO_VEG,1
2017/2018,3,3.18,TO,DEGRADACAO,3
2017/2018,3,0.14,TO,DESMATAMENTO_CR,1
2017/2018,4,1.8,AC,DEGRADACAO,17
2017/2018,4,1.19,AC,DESMATAMENTO_CR,9
2017/2018,4,5.64,AC,DESMATAMENTO_VEG,56
2017/2018,4,5.3,AM,CICATRIZ_DE_QUEIMADA,13
2017/2018,4,7.26,AM,CS_DESORDENADO,4
2017/2018,4,26.64,AM,DEGRADACAO,53
2017/2018,4,84.13,AM,DESMATAMENTO_CR,185
2017/2018,4,8.01,AM,DESMATAMENTO_VEG,30
2017/2018,4,0.09,AM,MINERACAO,1
2017/2018,4,0.35,AP,DEGRADACAO,3
2017/2018,4,0.12,AP,DESMATAMENTO_VEG,1
2017/2018,4,3.39,MA,CICATRIZ_DE_QUEIMADA,7
2017/2018,4,15.03,MA,DEGRADACAO,26
2017/2018,4,5.74,MA,DESMATAMENTO_CR,31
2017/2018,4,0.74,MA,DESMATAMENTO_VEG,5
2017/2018,4,237.04,MT,CICATRIZ_DE_QUEIMADA,134
2017/2018,4,10.03,MT,CS_DESORDENADO,3
2017/2018,4,78.55,MT,CS_GEOMETRICO,33
2017/2018,4,131.81,MT,DEGRADACAO,184
2017/2018,4,199.49,MT,DESMATAMENTO_CR,413
2017/2018,4,12.16,MT,DESMATAMENTO_VEG,33
2017/2018,4,1.13,MT,MINERACAO,10
2017/2018,4,131.3,PA,CICATRIZ_DE_QUEIMADA,159
2017/2018,4,93.38,PA,DEGRADACAO,216
2017/2018,4,108.98,PA,DESMATAMENTO_CR,328
2017/2018,4,17.12,PA,DESMATAMENTO_VEG,45
2017/2018,4,8.51,PA,MINERACAO,84
2017/2018,4,3.35,RO,CICATRIZ_DE_QUEIMADA,4
2017/2018,4,8.29,RO,DEGRADACAO,32
2017/2018,4,18.49,RO,DESMATAMENTO_CR,98
2017/2018,4,8.04,RO,DESMATAMENTO_VEG,20
2017/2018,4,123.87,RR,CICATRIZ_DE_QUEIMADA,124
2017/2018,4,1.45,RR,DEGRADACAO,7
2017/2018,4,9.33,RR,DESMATAMENTO_CR,42
2017/2018,4,206.36,TO,CICATRIZ_DE_QUEIMADA,23
2017/2018,4,1.51,TO,DEGRADACAO,2
2017/2018,4,0.75,TO,DESMATAMENTO_CR,3
2017/2018,5,1.5,AC,DEGRADACAO,11
2017/2018,5,4.11,AC,DESMATAMENTO_CR,23
2017/2018,5,1.22,AC,DESMATAMENTO_VEG,9
2017/2018,5,2.17,AM,CICATRIZ_DE_QUEIMADA,8
2017/2018,5,15.71,AM,DEGRADACAO,43
2017/2018,5,120.37,AM,DESMATAMENTO_CR,313
2017/2018,5,4.73,AM,DESMATAMENTO_VEG,21
2017/2018,5,1,AM,MINERACAO,8
2017/2018,5,6.22,MA,CICATRIZ_DE_QUEIMADA,5
2017/2018,5,4.14,MA,DEGRADACAO,20
2017/2018,5,7.27,MA,DESMATAMENTO_CR,37
2017/2018,5,180.43,MT,CICATRIZ_DE_QUEIMADA,169
2017/2018,5,9.76,MT,CS_DESORDENADO,7
2017/2018,5,67.33,MT,CS_GEOMETRICO,23
2017/2018,5,101.02,MT,DEGRADACAO,140
2017/2018,5,111.86,MT,DESMATAMENTO_CR,268
2017/2018,5,3.17,MT,DESMATAMENTO_VEG,8
2017/2018,5,0.79,MT,MINERACAO,10
2017/2018,5,102.99,PA,CICATRIZ_DE_QUEIMADA,187
2017/2018,5,14.76,PA,CS_DESORDENADO,1
2017/2018,5,38.85,PA,CS_GEOMETRICO,5
2017/2018,5,97.47,PA,DEGRADACAO,165
2017/2018,5,109.34,PA,DESMATAMENTO_CR,278
2017/2018,5,39.51,PA,DESMATAMENTO_VEG,93
2017/2018,5,17.39,PA,MINERACAO,180
2017/2018,5,3.29,RO,CICATRIZ_DE_QUEIMADA,10
2017/2018,5,18.76,RO,DEGRADACAO,76
2017/2018,5,97.57,RO,DESMATAMENTO_CR,358
2017/2018,5,29.6,RO,DESMATAMENTO_VEG,93
2017/2018,5,0.37,RO,MINERACAO,2
2017/2018,5,4.7,RR,CICATRIZ_DE_QUEIMADA,6
2017/2018,5,0.58,RR,DESMATAMENTO_CR,4
2017/2018,5,13.29,TO,CICATRIZ_DE_QUEIMADA,16
2017/2018,5,1.24,TO,DEGRADACAO,5
2017/2018,5,1.18,TO,DESMATAMENTO_CR,9
2017/2018,6,0.38,AC,CICATRIZ_DE_QUEIMADA,2
2017/2018,6,10.45,AC,DEGRADACAO,47
2017/2018,6,14.05,AC,DESMATAMENTO_CR,84
2017/2018,6,11.92,AC,DESMATAMENTO_VEG,55
2017/2018,6,12,AM,CICATRIZ_DE_QUEIMADA,9
2017/2018,6,36.97,AM,DEGRADACAO,126
2017/2018,6,83.16,AM,DESMATAMENTO_CR,306
2017/2018,6,7.67,AM,DESMATAMENTO_VEG,62
2017/2018,6,0.66,AM,MINERACAO,7
2017/2018,6,0.28,AP,DEGRADACAO,1
2017/2018,6,0.27,AP,DESMATAMENTO_CR,2
2017/2018,6,0.08,AP,DESMATAMENTO_VEG,1
2017/2018,6,49,MA,CICATRIZ_DE_QUEIMADA,28
2017/2018,6,2.22,MA,DEGRADACAO,13
2017/2018,6,8.73,MA,DESMATAMENTO_CR,53
2017/2018,6,0.9,MA,DESMATAMENTO_VEG,4
2017/2018,6,94.06,MT,CICATRIZ_DE_QUEIMADA,73
2017/2018,6,42,MT,CS_DESORDENADO,15
2017/2018,6,45.7,MT,CS_GEOMETRICO,21
2017/2018,6,140.84,MT,DEGRADACAO,209
2017/2018,6,111.85,MT,DESMATAMENTO_CR,341
2017/2018,6,3.42,MT,DESMATAMENTO_VEG,24
2017/2018,6,2.69,MT,MINERACAO,28
2017/2018,6,285.02,PA,CICATRIZ_DE_QUEIMADA,331
2017/2018,6,106.01,PA,CS_DESORDENADO,37
2017/2018,6,25.22,PA,CS_GEOMETRICO,6
2017/2018,6,353.52,PA,DEGRADACAO,740
2017/2018,6,138.56,PA,DESMATAMENTO_CR,534
2017/2018,6,37.19,PA,DESMATAMENTO_VEG,177
2017/2018,6,10.77,PA,MINERACAO,123
2017/2018,6,0.39,RO,CICATRIZ_DE_QUEIMADA,1
2017/2018,6,22.52,RO,DEGRADACAO,84
2017/2018,6,48.33,RO,DESMATAMENTO_CR,172
2017/2018,6,5.77,RO,DESMATAMENTO_VEG,22
2017/2018,6,0.16,RO,MINERACAO,2
2017/2018,6,1.31,RR,DESMATAMENTO_CR,5
2017/2018,6,26.55,TO,CICATRIZ_DE_QUEIMADA,24
2017/2018,6,2.4,TO,DEGRADACAO,7
2017/2018,6,0.72,TO,DESMATAMENTO_CR,8
2017/2018,7,1.8,AC,CICATRIZ_DE_QUEIMADA,15
2017/2018,7,27.66,AC,DEGRADACAO,166
2017/2018,7,38.85,AC,DESMATAMENTO_CR,358
2017/2018,7,2.49,AC,DESMATAMENTO_VEG,18
2017/2018,7,6.29,AM,CICATRIZ_DE_QUEIMADA,23
2017/2018,7,66.25,AM,DEGRADACAO,262
2017/2018,7,128.39,AM,DESMATAMENTO_CR,591
2017/2018,7,6.25,AM,DESMATAMENTO_VEG,55
2017/2018,7,0.08,AM,MINERACAO,1
2017/2018,7,0.46,AP,DESMATAMENTO_VEG,3
2017/2018,7,5.49,MA,CICATRIZ_DE_QUEIMADA,6
2017/2018,7,2.9,MA,DEGRADACAO,11
2017/2018,7,7.6,MA,DESMATAMENTO_CR,38
2017/2018,7,0.23,MA,DESMATAMENTO_VEG,1
2017/2018,7,37.81,MT,CICATRIZ_DE_QUEIMADA,28
2017/2018,7,59.21,MT,CS_DESORDENADO,14
2017/2018,7,80.9,MT,CS_GEOMETRICO,30
2017/2018,7,202.75,MT,DEGRADACAO,262
2017/2018,7,48.61,MT,DESMATAMENTO_CR,168
2017/2018,7,1.24,MT,DESMATAMENTO_VEG,2
2017/2018,7,0.33,MT,MINERACAO,3
2017/2018,7,143.31,PA,CICATRIZ_DE_QUEIMADA,135
2017/2018,7,28.44,PA,CS_DESORDENADO,7
2017/2018,7,336.64,PA,DEGRADACAO,734
2017/2018,7,219.75,PA,DESMATAMENTO_CR,868
2017/2018,7,8.29,PA,DESMATAMENTO_VEG,53
2017/2018,7,9.02,PA,MINERACAO,88
2017/2018,7,1.75,RO,CICATRIZ_DE_QUEIMADA,5
2017/2018,7,19.43,RO,CS_DESORDENADO,2
2017/2018,7,58.29,RO,DEGRADACAO,226
2017/2018,7,117.59,RO,DESMATAMENTO_CR,513
2017/2018,7,1.85,RO,DESMATAMENTO_VEG,8
2017/2018,7,0.36,RO,MINERACAO,1
2017/2018,7,0.1,RR,CICATRIZ_DE_QUEIMADA,1
2017/2018,7,2.09,RR,DEGRADACAO,6
2017/2018,7,0.49,RR,DESMATAMENTO_CR,5
2017/2018,7,3.19,RR,DESMATAMENTO_VEG,13
2017/2018,7,2.5,TO,CICATRIZ_DE_QUEIMADA,8
2017/2018,7,4.37,TO,DEGRADACAO,2
2017/2018,7,1.38,TO,DESMATAMENTO_CR,7
2018/2019,8,0.4,AC,CICATRIZ_DE_QUEIMADA,6
2018/2019,8,4.38,AC,CS_DESORDENADO,4
2018/2019,8,24.36,AC,DEGRADACAO,213
2018/2019,8,77.17,AC,DESMATAMENTO_CR,877
2018/2019,8,2.77,AC,DESMATAMENTO_VEG,30
2018/2019,8,1.08,AM,CICATRIZ_DE_QUEIMADA,10
2018/2019,8,8.36,AM,CS_DESORDENADO,1
2018/2019,8,32.27,AM,DEGRADACAO,171
2018/2019,8,88.51,AM,DESMATAMENTO_CR,548
2018/2019,8,4.65,AM,DESMATAMENTO_VEG,52
2018/2019,8,0.13,AP,DESMATAMENTO_CR,1
2018/2019,8,0.06,AP,DESMATAMENTO_VEG,1
2018/2019,8,170.79,MA,CICATRIZ_DE_QUEIMADA,140
2018/2019,8,8.74,MA,DEGRADACAO,20
2018/2019,8,9.1,MA,DESMATAMENTO_CR,66
2018/2019,8,1.62,MA,DESMATAMENTO_VEG,12
2018/2019,8,312.55,MT,CICATRIZ_DE_QUEIMADA,98
2018/2019,8,0.16,MT,CS_DESORDENADO,1
2018/2019,8,50.52,MT,CS_GEOMETRICO,21
2018/2019,8,70.99,MT,DEGRADACAO,209
2018/2019,8,65.18,MT,DESMATAMENTO_CR,275
2018/2019,8,2.46,MT,DESMATAMENTO_VEG,18
2018/2019,8,0.24,MT,MINERACAO,4
2018/2019,8,14.06,PA,CICATRIZ_DE_QUEIMADA,45
2018/2019,8,68.36,PA,CS_GEOMETRICO,20
2018/2019,8,155.01,PA,DEGRADACAO,412
2018/2019,8,143.98,PA,DESMATAMENTO_CR,733
2018/2019,8,4.53,PA,DESMATAMENTO_VEG,48
2018/2019,8,8.91,PA,MINERACAO,108
2018/2019,8,4.22,RO,CICATRIZ_DE_QUEIMADA,8
2018/2019,8,33.27,RO,DEGRADACAO,202
2018/2019,8,98.73,RO,DESMATAMENTO_CR,652
2018/2019,8,4.5,RO,DESMATAMENTO_VEG,17
2018/2019,8,4.08,RR,DEGRADACAO,15
2018/2019,8,5.97,RR,DESMATAMENTO_CR,42
2018/2019,8,1.64,RR,DESMATAMENTO_VEG,12
2018/2019,8,119.54,TO,CICATRIZ_DE_QUEIMADA,34
2018/2019,8,0.19,TO,DEGRADACAO,2
2018/2019,8,6.32,TO,DESMATAMENTO_CR,24
2018/2019,9,0.81,AC,CICATRIZ_DE_QUEIMADA,7
2018/2019,9,11.97,AC,DEGRADACAO,104
2018/2019,9,45.69,AC,DESMATAMENTO_CR,482
2018/2019,9,1.21,AC,DESMATAMENTO_VEG,13
2018/2019,9,7.54,AM,CICATRIZ_DE_QUEIMADA,36
2018/2019,9,29.22,AM,DEGRADACAO,138
2018/2019,9,152.77,AM,DESMATAMENTO_CR,677
2018/2019,9,6.15,AM,DESMATAMENTO_VEG,65
2018/2019,9,2.07,AM,MINERACAO,18
2018/2019,9,338.8,MA,CICATRIZ_DE_QUEIMADA,221
2018/2019,9,1.73,MA,DEGRADACAO,4
2018/2019,9,5.41,MA,DESMATAMENTO_CR,27
2018/2019,9,793.42,MT,CICATRIZ_DE_QUEIMADA,821
2018/2019,9,52.87,MT,CS_DESORDENADO,12
2018/2019,9,316.94,MT,CS_GEOMETRICO,69
2018/2019,9,157.38,MT,DEGRADACAO,298
2018/2019,9,175.26,MT,DESMATAMENTO_CR,706
2018/2019,9,1.32,MT,DESMATAMENTO_VEG,5
2018/2019,9,0.3,MT,MINERACAO,5
2018/2019,9,105.04,PA,CICATRIZ_DE_QUEIMADA,249
2018/2019,9,6.02,PA,CS_DESORDENADO,3
2018/2019,9,3.09,PA,CS_GEOMETRICO,1
2018/2019,9,55,PA,DEGRADACAO,199
2018/2019,9,103.02,PA,DESMATAMENTO_CR,485
2018/2019,9,1.42,PA,DESMATAMENTO_VEG,17
2018/2019,9,2.63,PA,MINERACAO,33
2018/2019,9,57.88,RO,CICATRIZ_DE_QUEIMADA,155
2018/2019,9,4.91,RO,CS_GEOMETRICO,1
2018/2019,9,57.86,RO,DEGRADACAO,240
2018/2019,9,230.74,RO,DESMATAMENTO_CR,1159
2018/2019,9,0.24,RO,DESMATAMENTO_VEG,3
2018/2019,9,0.28,RO,MINERACAO,4
2018/2019,9,7.09,RR,CS_DESORDENADO,2
2018/2019,9,3.82,RR,DEGRADACAO,8
2018/2019,9,5.11,RR,DESMATAMENTO_CR,28
2018/2019,9,1.8,RR,DESMATAMENTO_VEG,11
2018/2019,9,33.35,TO,CICATRIZ_DE_QUEIMADA,27
2018/2019,9,0.44,TO,DEGRADACAO,2
2018/2019,9,4.04,TO,DESMATAMENTO_CR,14
2018/2019,10,1.93,AC,CICATRIZ_DE_QUEIMADA,15
2018/2019,10,1.61,AC,DEGRADACAO,7
2018/2019,10,6.46,AC,DESMATAMENTO_CR,65
2018/2019,10,0.84,AC,DESMATAMENTO_VEG,10
2018/2019,10,6.34,AM,CICATRIZ_DE_QUEIMADA,13
2018/2019,10,11.44,AM,DEGRADACAO,43
2018/2019,10,68.02,AM,DESMATAMENTO_CR,282
2018/2019,10,2.73,AM,DESMATAMENTO_VEG,31
2018/2019,10,3.44,AP,DEGRADACAO,6
2018/2019,10,0.9,AP,DESMATAMENTO_CR,6
2018/2019,10,1.72,MA,CICATRIZ_DE_QUEIMADA,2
2018/2019,10,0.25,MA,DEGRADACAO,3
2018/2019,10,14.32,MA,DESMATAMENTO_CR,75
2018/2019,10,73.74,MT,CICATRIZ_DE_QUEIMADA,85
2018/2019,10,31.49,MT,CS_DESORDENADO,5
2018/2019,10,53.95,MT,CS_GEOMETRICO,13
2018/2019,10,51.16,MT,DEGRADACAO,55
2018/2019,10,79.13,MT,DESMATAMENTO_CR,273
2018/2019,10,1.58,MT,DESMATAMENTO_VEG,5
2018/2019,10,0.17,MT,MINERACAO,3
2018/2019,10,25.18,PA,CICATRIZ_DE_QUEIMADA,72
2018/2019,10,40.95,PA,CS_GEOMETRICO,4
2018/2019,10,116.29,PA,DEGRADACAO,311
2018/2019,10,251.67,PA,DESMATAMENTO_CR,1428
2018/2019,10,6.22,PA,DESMATAMENTO_VEG,20
2018/2019,10,6.5,PA,MINERACAO,68
2018/2019,10,27.08,RO,CICATRIZ_DE_QUEIMADA,58
2018/2019,10,11.15,RO,CS_GEOMETRICO,1
2018/2019,10,18.16,RO,DEGRADACAO,67
2018/2019,10,69.32,RO,DESMATAMENTO_CR,413
2018/2019,10,0.37,RO,DESMATAMENTO_VEG,4
2018/2019,10,0.64,RR,CICATRIZ_DE_QUEIMADA,1
2018/2019,10,1.76,RR,DEGRADACAO,8
2018/2019,10,15.63,RR,DESMATAMENTO_CR,91
2018/2019,10,2.35,RR,DESMATAMENTO_VEG,22
2018/2019,10,0.45,TO,DESMATAMENTO_CR,2
2018/2019,11,1.85,AC,DEGRADACAO,9
2018/2019,11,1.29,AC,DESMATAMENTO_CR,18
2018/2019,11,0.64,AM,CICATRIZ_DE_QUEIMADA,2
2018/2019,11,3.13,AM,DEGRADACAO,11
2018/2019,11,15.84,AM,DESMATAMENTO_CR,80
2018/2019,11,2.14,AM,DESMATAMENTO_VEG,11
2018/2019,11,2.49,MA,DEGRADACAO,16
2018/2019,11,12.89,MA,DESMATAMENTO_CR,74
2018/2019,11,5.41,MT,CICATRIZ_DE_QUEIMADA,14
2018/2019,11,4.39,MT,CS_GEOMETRICO,4
2018/2019,11,0.24,MT,DEGRADACAO,1
2018/2019,11,10.85,MT,DESMATAMENTO_CR,55
2018/2019,11,2.04,MT,DESMATAMENTO_VEG,3
2018/2019,11,6.27,PA,CICATRIZ_DE_QUEIMADA,4
2018/2019,11,45.04,PA,CS_DESORDENADO,6
2018/2019,11,57.52,PA,CS_GEOMETRICO,7
2018/2019,11,61.94,PA,DEGRADACAO,280
2018/2019,11,211.99,PA,DESMATAMENTO_CR,1330
2018/2019,11,0.15,PA,DESMATAMENTO_VEG,2
2018/2019,11,0.22,PA,MINERACAO,2
2018/2019,11,17.03,RO,CS_GEOMETRICO,1
2018/2019,11,1.62,RO,DEGRADACAO,5
2018/2019,11,13.25,RO,DESMATAMENTO_CR,107
2018/2019,11,1.48,RR,DEGRADACAO,9
2018/2019,11,5.33,RR,DESMATAMENTO_CR,17
2018/2019,11,0.53,RR,DESMATAMENTO_VEG,3
2018/2019,11,0.1,TO,DESMATAMENTO_CR,1
2018/2019,12,0.15,AM,DEGRADACAO,2
2018/2019,12,0.22,AM,DESMATAMENTO_CR,3
2018/2019,12,0.07,MA,DEGRADACAO,1
2018/2019,12,2.65,MA,DESMATAMENTO_CR,21
2018/2019,12,4.53,MT,CS_DESORDENADO,1
2018/2019,12,4.72,MT,CS_GEOMETRICO,2
2018/2019,12,3.35,MT,DEGRADACAO,11
2018/2019,12,33.39,MT,DESMATAMENTO_CR,124
2018/2019,12,2.48,MT,DESMATAMENTO_VEG,1
2018/2019,12,0.1,MT,MINERACAO,1
2018/2019,12,2.07,PA,DEGRADACAO,5
2018/2019,12,9.5,PA,DESMATAMENTO_CR,64
2018/2019,12,0.14,PA,DESMATAMENTO_VEG,2
2018/2019,12,0.15,PA,MINERACAO,3
2018/2019,12,1.34,RO,DEGRADACAO,5
2018/2019,12,14.19,RO,DESMATAMENTO_CR,91
2018/2019,12,0.07,RO,DESMATAMENTO_VEG,1
2018/2019,12,0.16,RO,MINERACAO,2
2018/2019,12,1.97,RR,DEGRADACAO,10
2018/2019,12,3.24,RR,DESMATAMENTO_CR,11
2018/2019,12,0.67,RR,DESMATAMENTO_VEG,1
2018/2019,12,0.08,TO,DEGRADACAO,1
2018/2019,12,0.26,TO,DESMATAMENTO_CR,2
2018/2019,1,0.08,AC,DESMATAMENTO_CR,1
2018/2019,1,0.11,AC,DESMATAMENTO_VEG,1
2018/2019,1,1.85,AM,CICATRIZ_DE_QUEIMADA,2
2018/2019,1,0.47,AM,DEGRADACAO,4
2018/2019,1,4.72,AM,DESMATAMENTO_CR,29
2018/2019,1,3.49,AM,DESMATAMENTO_VEG,34
2018/2019,1,0.36,MA,CICATRIZ_DE_QUEIMADA,3
2018/2019,1,0.06,MA,DEGRADACAO,1
2018/2019,1,2.38,MA,DESMATAMENTO_CR,21
2018/2019,1,30.76,MT,CICATRIZ_DE_QUEIMADA,22
2018/2019,1,20.94,MT,CS_GEOMETRICO,8
2018/2019,1,49.78,MT,DEGRADACAO,47
2018/2019,1,86.63,MT,DESMATAMENTO_CR,171
2018/2019,1,0.21,MT,DESMATAMENTO_VEG,2
2018/2019,1,0.06,MT,MINERACAO,1
2018/2019,1,0.43,PA,CICATRIZ_DE_QUEIMADA,1
2018/2019,1,6.26,PA,DEGRADACAO,22
2018/2019,1,12.4,PA,DESMATAMENTO_CR,54
2018/2019,1,0.77,PA,DESMATAMENTO_VEG,5
2018/2019,1,0.54,PA,MINERACAO,6
2018/2019,1,0.23,RO,DEGRADACAO,3
2018/2019,1,6.44,RO,DESMATAMENTO_CR,31
2018/2019,1,0.26,RO,DESMATAMENTO_VEG,3
2018/2019,1,0.54,RR,CICATRIZ_DE_QUEIMADA,4
2018/2019,1,7.96,RR,CS_DESORDENADO,2
2018/2019,1,15.91,RR,CS_GEOMETRICO,1
2018/2019,1,5.25,RR,DEGRADACAO,18
2018/2019,1,18.04,RR,DESMATAMENTO_CR,96
2018/2019,1,0.08,RR,DESMATAMENTO_VEG,1
2018/2019,2,0.19,AC,DEGRADACAO,1
2018/2019,2,0.26,AC,DESMATAMENTO_CR,2
2018/2019,2,0.41,AC,DESMATAMENTO_VEG,4
2018/2019,2,0.57,AM,DEGRADACAO,3
2018/2019,2,9.88,AM,DESMATAMENTO_CR,22
2018/2019,2,2.59,AM,DESMATAMENTO_VEG,26
2018/2019,2,0.08,AM,MINERACAO,1
2018/2019,2,0.23,AP,MINERACAO,1
2018/2019,2,0.1,MA,DESMATAMENTO_CR,1
2018/2019,2,3.89,MT,CICATRIZ_DE_QUEIMADA,4
2018/2019,2,7.39,MT,DEGRADACAO,6
2018/2019,2,35,MT,DESMATAMENTO_CR,49
2018/2019,2,5.09,MT,DESMATAMENTO_VEG,31
2018/2019,2,0.21,MT,MINERACAO,1
2018/2019,2,3.89,PA,CICATRIZ_DE_QUEIMADA,11
2018/2019,2,8.63,PA,CS_GEOMETRICO,1
2018/2019,2,1.52,PA,DEGRADACAO,6
2018/2019,2,21.68,PA,DESMATAMENTO_CR,93
2018/2019,2,3.77,PA,DESMATAMENTO_VEG,24
2018/2019,2,3.67,PA,MINERACAO,42
2018/2019,2,0.27,RO,CICATRIZ_DE_QUEIMADA,2
2018/2019,2,2.81,RO,DEGRADACAO,6
2018/2019,2,17.99,RO,DESMATAMENTO_CR,91
2018/2019,2,1.57,RO,DESMATAMENTO_VEG,15
2018/2019,2,10.02,RR,CICATRIZ_DE_QUEIMADA,28
2018/2019,2,7.7,RR,DEGRADACAO,13
2018/2019,2,33.7,RR,DESMATAMENTO_CR,174
2018/2019,2,0.75,RR,DESMATAMENTO_VEG,4
2018/2019,2,1.07,RR,MINERACAO,9
2018/2019,2,0.22,TO,DESMATAMENTO_CR,2
2018/2019,3,0.66,AC,DEGRADACAO,4
2018/2019,3,1.59,AC,DESMATAMENTO_CR,6
2018/2019,3,0.25,AC,DESMATAMENTO_VEG,3
2018/2019,3,0.62,AM,CICATRIZ_DE_QUEIMADA,4
2018/2019,3,4.79,AM,DEGRADACAO,11
2018/2019,3,43.46,AM,DESMATAMENTO_CR,93
2018/2019,3,3.67,AM,DESMATAMENTO_VEG,30
2018/2019,3,0.34,MA,DESMATAMENTO_CR,1
2018/2019,3,16.97,MT,CICATRIZ_DE_QUEIMADA,9
2018/2019,3,20.2,MT,CS_DESORDENADO,8
2018/2019,3,35.31,MT,CS_GEOMETRICO,9
2018/2019,3,29.18,MT,DEGRADACAO,30
2018/2019,3,81.18,MT,DESMATAMENTO_CR,219
2018/2019,3,3.37,MT,DESMATAMENTO_VEG,8
2018/2019,3,0.25,MT,MINERACAO,3
2018/2019,3,1.31,PA,CICATRIZ_DE_QUEIMADA,3
2018/2019,3,3.62,PA,DEGRADACAO,14
2018/2019,3,25.12,PA,DESMATAMENTO_CR,82
2018/2019,3,6.28,PA,DESMATAMENTO_VEG,16
2018/2019,3,1.25,PA,MINERACAO,16
2018/2019,3,0.88,RO,CICATRIZ_DE_QUEIMADA,4
2018/2019,3,2.4,RO,DEGRADACAO,9
2018/2019,3,19.82,RO,DESMATAMENTO_CR,75
2018/2019,3,2.38,RO,DESMATAMENTO_VEG,18
2018/2019,3,0.08,RO,MINERACAO,1
2018/2019,3,455,RR,CICATRIZ_DE_QUEIMADA,436
2018/2019,3,0.42,RR,CS_DESORDENADO,2
2018/2019,3,13.21,RR,DEGRADACAO,22
2018/2019,3,61.98,RR,DESMATAMENTO_CR,366
2018/2019,3,0.1,RR,DESMATAMENTO_VEG,1
2018/2019,3,0.2,TO,DESMATAMENTO_CR,2
2018/2019,4,0.08,AC,CICATRIZ_DE_QUEIMADA,1
2018/2019,4,1.6,AC,DEGRADACAO,12
2018/2019,4,1.59,AC,DESMATAMENTO_CR,15
2018/2019,4,2.38,AC,DESMATAMENTO_VEG,22
2018/2019,4,0.2,AM,CICATRIZ_DE_QUEIMADA,1
2018/2019,4,1.36,AM,DEGRADACAO,2
2018/2019,4,40.69,AM,DESMATAMENTO_CR,94
2018/2019,4,4.94,AM,DESMATAMENTO_VEG,30
2018/2019,4,0.41,AM,MINERACAO,6
2018/2019,4,0.5,MA,DESMATAMENTO_CR,3
2018/2019,4,0.84,MT,CICATRIZ_DE_QUEIMADA,3
2018/2019,4,3.34,MT,CS_DESORDENADO,1
2018/2019,4,6.4,MT,CS_GEOMETRICO,4
2018/2019,4,25.6,MT,DEGRADACAO,23
2018/2019,4,70.68,MT,DESMATAMENTO_CR,201
2018/2019,4,1.4,MT,DESMATAMENTO_VEG,10
2018/2019,4,0.65,MT,MINERACAO,5
2018/2019,4,1.52,PA,CICATRIZ_DE_QUEIMADA,2
2018/2019,4,3.01,PA,DEGRADACAO,9
2018/2019,4,31.15,PA,DESMATAMENTO_CR,111
2018/2019,4,4.49,PA,DESMATAMENTO_VEG,35
2018/2019,4,2.45,PA,MINERACAO,29
2018/2019,4,0.22,RO,CICATRIZ_DE_QUEIMADA,3
2018/2019,4,7.22,RO,DEGRADACAO,13
2018/2019,4,25.77,RO,DESMATAMENTO_CR,113
2018/2019,4,0.79,RO,DESMATAMENTO_VEG,6
2018/2019,4,0.17,RO,MINERACAO,1
2018/2019,4,677.37,RR,CICATRIZ_DE_QUEIMADA,446
2018/2019,4,1.17,RR,CS_DESORDENADO,1
2018/2019,4,32.99,RR,DEGRADACAO,83
2018/2019,4,59,RR,DESMATAMENTO_CR,325
2018/2019,4,0.41,TO,DESMATAMENTO_CR,1
2018/2019,5,0.82,AC,DEGRADACAO,4
2018/2019,5,7.58,AC,DESMATAMENTO_CR,39
2018/2019,5,1.67,AC,DESMATAMENTO_VEG,15
2018/2019,5,0.22,AM,CICATRIZ_DE_QUEIMADA,2
2018/2019,5,3.06,AM,DEGRADACAO,7
2018/2019,5,167.3,AM,DESMATAMENTO_CR,309
2018/2019,5,11.99,AM,DESMATAMENTO_VEG,61
2018/2019,5,0.17,AM,MINERACAO,2
2018/2019,5,1.14,MA,DESMATAMENTO_CR,4
2018/2019,5,0.28,MA,DESMATAMENTO_VEG,1
2018/2019,5,57.61,MT,CICATRIZ_DE_QUEIMADA,5
2018/2019,5,68.72,MT,CS_GEOMETRICO,20
2018/2019,5,33.74,MT,DEGRADACAO,43
2018/2019,5,166.2,MT,DESMATAMENTO_CR,456
2018/2019,5,18.78,MT,DESMATAMENTO_VEG,44
2018/2019,5,1.52,MT,MINERACAO,18
2018/2019,5,0.15,PA,CICATRIZ_DE_QUEIMADA,1
2018/2019,5,2.85,PA,CS_DESORDENADO,6
2018/2019,5,15.22,PA,DEGRADACAO,30
2018/2019,5,176.04,PA,DESMATAMENTO_CR,382
2018/2019,5,41.53,PA,DESMATAMENTO_VEG,129
2018/2019,5,32.67,PA,MINERACAO,325
2018/2019,5,0.55,RO,CICATRIZ_DE_QUEIMADA,3
2018/2019,5,13.03,RO,DEGRADACAO,32
2018/2019,5,104.61,RO,DESMATAMENTO_CR,428
2018/2019,5,6.83,RO,DESMATAMENTO_VEG,36
2018/2019,5,0.17,RO,MINERACAO,2
2018/2019,5,0.27,TO,DESMATAMENTO_CR,2
2018/2019,6,0.14,AC,DEGRADACAO,2
2018/2019,6,10,AC,DESMATAMENTO_CR,72
2018/2019,6,1.03,AC,DESMATAMENTO_VEG,9
2018/2019,6,3.92,AM,DEGRADACAO,11
2018/2019,6,188.1,AM,DESMATAMENTO_CR,490
2018/2019,6,6.64,AM,DESMATAMENTO_VEG,52
2018/2019,6,0.61,AM,MINERACAO,6
2018/2019,6,0.15,AP,DESMATAMENTO_CR,2
2018/2019,6,8.02,MA,DESMATAMENTO_CR,31
2018/2019,6,592.73,MT,CICATRIZ_DE_QUEIMADA,69
2018/2019,6,33.25,MT,CS_DESORDENADO,7
2018/2019,6,146.89,MT,CS_GEOMETRICO,65
2018/2019,6,32.67,MT,DEGRADACAO,43
2018/2019,6,146.68,MT,DESMATAMENTO_CR,460
2018/2019,6,10.57,MT,DESMATAMENTO_VEG,33
2018/2019,6,2.15,MT,MINERACAO,25
2018/2019,6,0.59,PA,CICATRIZ_DE_QUEIMADA,3
2018/2019,6,6.62,PA,CS_DESORDENADO,3
2018/2019,6,2.9,PA,CS_GEOMETRICO,2
2018/2019,6,22.62,PA,DEGRADACAO,49
2018/2019,6,410.35,PA,DESMATAMENTO_CR,1066
2018/2019,6,36.13,PA,DESMATAMENTO_VEG,141
2018/2019,6,9.76,PA,MINERACAO,96
2018/2019,6,0.48,RO,CICATRIZ_DE_QUEIMADA,2
2018/2019,6,6.14,RO,CS_GEOMETRICO,1
2018/2019,6,7.6,RO,DEGRADACAO,15
2018/2019,6,84.05,RO,DESMATAMENTO_CR,324
2018/2019,6,14.21,RO,DESMATAMENTO_VEG,82
2018/2019,6,0.07,RO,MINERACAO,1
2018/2019,6,72.68,RR,CICATRIZ_DE_QUEIMADA,70
2018/2019,6,0.31,RR,DEGRADACAO,1
2018/2019,6,7.85,RR,DESMATAMENTO_CR,29
2018/2019,6,0.07,RR,DESMATAMENTO_VEG,1
2018/2019,6,0.3,TO,DESMATAMENTO_CR,3
2018/2019,7,0.08,AC,CICATRIZ_DE_QUEIMADA,1
2018/2019,7,10.37,AC,CS_DESORDENADO,1
2018/2019,7,25.72,AC,DEGRADACAO,127
2018/2019,7,97.8,AC,DESMATAMENTO_CR,803
2018/2019,7,5.58,AC,DESMATAMENTO_VEG,51
2018/2019,7,6.76,AM,CICATRIZ_DE_QUEIMADA,10
2018/2019,7,10.46,AM,CS_DESORDENADO,3
2018/2019,7,28.07,AM,DEGRADACAO,104
2018/2019,7,403.07,AM,DESMATAMENTO_CR,1422
2018/2019,7,18.48,AM,DESMATAMENTO_VEG,116
2018/2019,7,2.15,AM,MINERACAO,13
2018/2019,7,0.17,AP,DEGRADACAO,2
2018/2019,7,0.06,AP,DESMATAMENTO_CR,1
2018/2019,7,3.44,AP,DESMATAMENTO_VEG,41
2018/2019,7,0.32,MA,CICATRIZ_DE_QUEIMADA,1
2018/2019,7,7.1,MA,DEGRADACAO,8
2018/2019,7,11.02,MA,DESMATAMENTO_CR,63
2018/2019,7,703.41,MT,CICATRIZ_DE_QUEIMADA,187
2018/2019,7,66.76,MT,CS_DESORDENADO,26
2018/2019,7,253.04,MT,CS_GEOMETRICO,77
2018/2019,7,287.21,MT,DEGRADACAO,266
2018/2019,7,418.63,MT,DESMATAMENTO_CR,1191
2018/2019,7,5.93,MT,DESMATAMENTO_VEG,15
2018/2019,7,1.7,MT,MINERACAO,20
2018/2019,7,11.77,PA,CICATRIZ_DE_QUEIMADA,27
2018/2019,7,35.75,PA,CS_DESORDENADO,14
2018/2019,7,11.48,PA,CS_GEOMETRICO,4
2018/2019,7,188.86,PA,DEGRADACAO,347
2018/2019,7,687.63,PA,DESMATAMENTO_CR,2638
2018/2019,7,182.92,PA,DESMATAMENTO_VEG,831
2018/2019,7,20.16,PA,MINERACAO,200
2018/2019,7,0.67,RO,CICATRIZ_DE_QUEIMADA,3
2018/2019,7,3.65,RO,CS_DESORDENADO,1
2018/2019,7,2.54,RO,CS_GEOMETRICO,2
2018/2019,7,34.19,RO,DEGRADACAO,109
2018/2019,7,377.55,RO,DESMATAMENTO_CR,1579
2018/2019,7,7.19,RO,DESMATAMENTO_VEG,28
2018/2019,7,0.09,RO,MINERACAO,1
2018/2019,7,31.98,RR,CICATRIZ_DE_QUEIMADA,15
2018/2019,7,9.24,RR,DESMATAMENTO_CR,25
2018/2019,7,2.51,RR,DESMATAMENTO_VEG,13
2018/2019,7,0.21,TO,DEGRADACAO,2
2018/2019,7,0.16,TO,DESMATAMENTO_CR,3
2019/2020,8,4.95,AC,CICATRIZ_DE_QUEIMADA,30
2019/2020,8,94.57,AC,CS_DESORDENADO,23
2019/2020,8,17.35,AC,DEGRADACAO,107
2019/2020,8,139.72,AC,DESMATAMENTO_CR,1313
2019/2020,8,1.58,AC,DESMATAMENTO_VEG,15
2019/2020,8,16.12,AM,CICATRIZ_DE_QUEIMADA,81
2019/2020,8,118.39,AM,CS_DESORDENADO,11
2019/2020,8,15.96,AM,DEGRADACAO,78
2019/2020,8,188.35,AM,DESMATAMENTO_CR,1044
2019/2020,8,6.56,AM,DESMATAMENTO_VEG,68
2019/2020,8,0,AM,MINERACAO,1
2019/2020,8,0.42,AP,DEGRADACAO,2
2019/2020,8,2.58,AP,DESMATAMENTO_CR,3
2019/2020,8,1.33,AP,DESMATAMENTO_VEG,15
2019/2020,8,2.16,MA,CS_DESORDENADO,2
2019/2020,8,5.32,MA,DEGRADACAO,15
2019/2020,8,11.48,MA,DESMATAMENTO_CR,68
2019/2020,8,0.18,MA,DESMATAMENTO_VEG,1
2019/2020,8,600.48,MT,CICATRIZ_DE_QUEIMADA,621
2019/2020,8,103.18,MT,CS_DESORDENADO,41
2019/2020,8,251.58,MT,CS_GEOMETRICO,85
2019/2020,8,149.98,MT,DEGRADACAO,231
2019/2020,8,214.47,MT,DESMATAMENTO_CR,1015
2019/2020,8,0.48,MT,DESMATAMENTO_VEG,2
2019/2020,8,1.02,MT,MINERACAO,8
2019/2020,8,698.71,PA,CICATRIZ_DE_QUEIMADA,1239
2019/2020,8,256.9,PA,CS_DESORDENADO,48
2019/2020,8,48.77,PA,CS_GEOMETRICO,13
2019/2020,8,185.95,PA,DEGRADACAO,541
2019/2020,8,800.85,PA,DESMATAMENTO_CR,4269
2019/2020,8,12.8,PA,DESMATAMENTO_VEG,57
2019/2020,8,5.18,PA,MINERACAO,58
2019/2020,8,103.64,RO,CICATRIZ_DE_QUEIMADA,290
2019/2020,8,8.92,RO,CS_GEOMETRICO,2
2019/2020,8,51.59,RO,DEGRADACAO,143
2019/2020,8,270.16,RO,DESMATAMENTO_CR,1473
2019/2020,8,0.65,RO,MINERACAO,5
2019/2020,8,45.57,RR,CICATRIZ_DE_QUEIMADA,55
2019/2020,8,10.26,RR,CS_DESORDENADO,5
2019/2020,8,24.71,RR,DEGRADACAO,35
2019/2020,8,35.34,RR,DESMATAMENTO_CR,153
2019/2020,8,6.86,RR,DESMATAMENTO_VEG,16
2019/2020,8,14.52,TO,CICATRIZ_DE_QUEIMADA,11
2019/2020,8,2.27,TO,DEGRADACAO,5
2019/2020,8,2.54,TO,DESMATAMENTO_CR,18
2019/2020,9,0.62,AC,CICATRIZ_DE_QUEIMADA,6
2019/2020,9,12.3,AC,CS_DESORDENADO,8
2019/2020,9,8.05,AC,DEGRADACAO,26
2019/2020,9,110.61,AC,DESMATAMENTO_CR,1041
2019/2020,9,36.36,AM,CICATRIZ_DE_QUEIMADA,79
2019/2020,9,130.44,AM,CS_DESORDENADO,26
2019/2020,9,8.64,AM,CS_GEOMETRICO,2
2019/2020,9,18.88,AM,DEGRADACAO,65
2019/2020,9,173.67,AM,DESMATAMENTO_CR,939
2019/2020,9,0.26,AM,MINERACAO,3
2019/2020,9,0.36,AP,DEGRADACAO,1
2019/2020,9,2.4,AP,DESMATAMENTO_CR,15
2019/2020,9,1.26,MA,CICATRIZ_DE_QUEIMADA,3
2019/2020,9,5.03,MA,DESMATAMENTO_CR,33
2019/2020,9,2569.07,MT,CICATRIZ_DE_QUEIMADA,1566
2019/2020,9,83.87,MT,CS_DESORDENADO,21
2019/2020,9,170.58,MT,CS_GEOMETRICO,45
2019/2020,9,235.45,MT,DEGRADACAO,230
2019/2020,9,343.05,MT,DESMATAMENTO_CR,981
2019/2020,9,0.12,MT,DESMATAMENTO_VEG,1
2019/2020,9,1264.45,PA,CICATRIZ_DE_QUEIMADA,1267
2019/2020,9,103.08,PA,CS_DESORDENADO,30
2019/2020,9,58.28,PA,CS_GEOMETRICO,12
2019/2020,9,122.71,PA,DEGRADACAO,251
2019/2020,9,491.72,PA,DESMATAMENTO_CR,2439
2019/2020,9,2.52,PA,DESMATAMENTO_VEG,18
2019/2020,9,3.43,PA,MINERACAO,36
2019/2020,9,120.21,RO,CICATRIZ_DE_QUEIMADA,235
2019/2020,9,20.77,RO,CS_DESORDENADO,3
2019/2020,9,9.43,RO,CS_GEOMETRICO,1
2019/2020,9,25.27,RO,DEGRADACAO,96
2019/2020,9,271.49,RO,DESMATAMENTO_CR,1427
2019/2020,9,1.46,RO,DESMATAMENTO_VEG,2
2019/2020,9,22.94,RR,CICATRIZ_DE_QUEIMADA,27
2019/2020,9,5.97,RR,CS_DESORDENADO,6
2019/2020,9,7.3,RR,CS_GEOMETRICO,1
2019/2020,9,11.38,RR,DEGRADACAO,31
2019/2020,9,32.29,RR,DESMATAMENTO_CR,156
2019/2020,9,8.77,RR,DESMATAMENTO_VEG,11
2019/2020,9,0.17,RR,MINERACAO,1
2019/2020,9,8.04,TO,CICATRIZ_DE_QUEIMADA,10
2019/2020,9,1.36,TO,DEGRADACAO,3
2019/2020,9,0.41,TO,DESMATAMENTO_CR,3
2019/2020,10,0.49,AC,DEGRADACAO,2
2019/2020,10,0.23,AC,DESMATAMENTO_CR,2
2019/2020,10,4.31,AM,CICATRIZ_DE_QUEIMADA,5
2019/2020,10,0.09,AM,DEGRADACAO,1
2019/2020,10,10.36,AM,DESMATAMENTO_CR,60
2019/2020,10,1.58,AP,DESMATAMENTO_CR,7
2019/2020,10,0.25,MA,DEGRADACAO,2
2019/2020,10,0.48,MA,DESMATAMENTO_CR,4
2019/2020,10,135.89,MT,CICATRIZ_DE_QUEIMADA,111
2019/2020,10,1.73,MT,CS_DESORDENADO,2
2019/2020,10,65.39,MT,CS_GEOMETRICO,23
2019/2020,10,75.09,MT,DEGRADACAO,37
2019/2020,10,21.43,MT,DESMATAMENTO_CR,95
2019/2020,10,0.14,MT,MINERACAO,1
2019/2020,10,3.62,PA,CICATRIZ_DE_QUEIMADA,7
2019/2020,10,10.68,PA,CS_DESORDENADO,1
2019/2020,10,5.69,PA,CS_GEOMETRICO,2
2019/2020,10,5.1,PA,DEGRADACAO,18
2019/2020,10,16.29,PA,DESMATAMENTO_CR,102
2019/2020,10,0.74,PA,DESMATAMENTO_VEG,3
2019/2020,10,0.59,PA,MINERACAO,8
2019/2020,10,2.39,RO,CICATRIZ_DE_QUEIMADA,5
2019/2020,10,1.48,RO,DEGRADACAO,3
2019/2020,10,13.21,RO,DESMATAMENTO_CR,74
2019/2020,10,0.63,RO,DESMATAMENTO_VEG,2
2019/2020,10,8.21,RR,CICATRIZ_DE_QUEIMADA,3
2019/2020,10,7.08,RR,DEGRADACAO,4
2019/2020,10,6.69,RR,DESMATAMENTO_CR,19
2019/2020,10,3.49,RR,DESMATAMENTO_VEG,11
2019/2020,10,0.1,RR,MINERACAO,1